,link,product,price,date
0,/r/mechmarket/comments/jlwi4o/usca_h_mojo60_ewhite_dz60rgbansi_v2_hotswap_pcb/,"gmk cafe, numpad",85,2020-11-01 04:22:32
1,/r/mechmarket/comments/jlwi4o/usca_h_mojo60_ewhite_dz60rgbansi_v2_hotswap_pcb/,"gmk cafe, base, alpha",145,2020-11-01 04:22:32
2,/r/mechmarket/comments/jltpa8/usca_h_mhkb_mechmini_kbd67_mki_gmk_exent_w_paypal/,"gmk exent, base",115,2020-11-01 00:56:15
3,/r/mechmarket/comments/jlsetf/usoh_h_ncr_g813000_rebuilt_with_qmk_pcb_and_aliaz/,"gmk keyboard, base, spacebars",175,2020-10-31 23:29:29
4,/r/mechmarket/comments/jlsaot/usca_h_plum_iron165_and_gmk_bingsu_bundle_cafe/,"gmk dual, base, accent",400,2020-10-31 23:21:56
5,/r/mechmarket/comments/jlsaot/usca_h_plum_iron165_and_gmk_bingsu_bundle_cafe/,"gmk cafe, base",300,2020-10-31 23:21:56
6,/r/mechmarket/comments/jlsaot/usca_h_plum_iron165_and_gmk_bingsu_bundle_cafe/,"gmk cafe, base",325,2020-10-31 23:21:56
7,/r/mechmarket/comments/jlsaot/usca_h_plum_iron165_and_gmk_bingsu_bundle_cafe/,"gmk cafe, numpad",80,2020-10-31 23:21:56
8,/r/mechmarket/comments/jlsaot/usca_h_plum_iron165_and_gmk_bingsu_bundle_cafe/,"gmk delta, base",350,2020-10-31 23:21:56
9,/r/mechmarket/comments/jlrc0j/caon_h_gmk_8008_base_accent_key_65_epink_canoe/,"gmk 8008, base",330,2020-10-31 22:19:48
10,/r/mechmarket/comments/jlrc0j/caon_h_gmk_8008_base_accent_key_65_epink_canoe/,"gmk 8008, base",330,2020-10-31 22:19:48
11,/r/mechmarket/comments/jlrc0j/caon_h_gmk_8008_base_accent_key_65_epink_canoe/,"gmk 8008, accent",100,2020-10-31 22:19:48
12,/r/mechmarket/comments/jlpswl/usin_h_cables_extra_creams_w_paypal/,"gmk apollo, base",60,2020-10-31 20:46:18
13,/r/mechmarket/comments/jlonmb/usaz_h_gmk_camping_r2_base_bars_novs_nk65e_frost/,"gmk camping, base, novelties, spacebars",400,2020-10-31 19:38:14
14,/r/mechmarket/comments/jlnrkv/uspa_h_nk65_frostblumen_obliterated75_leopold/,"gmk cafe, base",310,2020-10-31 18:46:59
15,/r/mechmarket/comments/jln25e/usga_h_gmk_cafe_base_dark_alphas_spacebars_lubed/,"gmk cafe, base, alpha, spacebars",525,2020-10-31 18:06:52
16,/r/mechmarket/comments/jln25e/usga_h_gmk_cafe_base_dark_alphas_spacebars_lubed/,"gmk cafe, base",310,2020-10-31 18:06:52
17,/r/mechmarket/comments/jll8zb/cabc_h_gmk_dualshot_basenovelties_w_paypal/,"gmk dualshot, novelties",360,2020-10-31 16:24:51
18,/r/mechmarket/comments/jljiuk/eudkhepbt_kuro_r2_basejap_mod_r1_int_kit_c3/,"gmk laser, base",36,2020-10-31 14:43:18
19,/r/mechmarket/comments/jljc8j/eudeh_gmk_bento_r1_base_novelties_rama_w_paypal/,"gmk bento, base, novelties",336,2020-10-31 14:32:07
20,/r/mechmarket/comments/jljc8j/eudeh_gmk_bento_r1_base_novelties_rama_w_paypal/,"gmk bento, rama",72,2020-10-31 14:32:07
21,/r/mechmarket/comments/jlimd7/usnj_h_gmk_cafe_base_spacebars_numpad_rama_bean/,"gmk cafe, base, spacebars, numpad",360,2020-10-31 13:45:41
22,/r/mechmarket/comments/jlimd7/usnj_h_gmk_cafe_base_spacebars_numpad_rama_bean/,"gmk cafe, rama",140,2020-10-31 13:45:41
23,/r/mechmarket/comments/jlculn/usca_h_black_savage_65_with_lubed_holy_pandas_gmk/,"gmk wasabi, base",140,2020-10-31 05:14:35
24,/r/mechmarket/comments/jlc8w0/ustx_h_polaris_with_extras_rama_u80_milk_hotswap/,"gmk 8008, base",320,2020-10-31 04:25:44
25,/r/mechmarket/comments/jlc8w0/ustx_h_polaris_with_extras_rama_u80_milk_hotswap/,"gmk peaches, rama",400,2020-10-31 04:25:44
26,/r/mechmarket/comments/jl8yma/ussc_h_tmov2_gmk_sets_w_paypal/,"gmk olivia++, base",300,2020-10-31 00:43:27
27,/r/mechmarket/comments/jl8yma/ussc_h_tmov2_gmk_sets_w_paypal/,"gmk olivia++, base",70,2020-10-31 00:43:27
28,/r/mechmarket/comments/jl8yma/ussc_h_tmov2_gmk_sets_w_paypal/,"gmk olivia++, base",350,2020-10-31 00:43:27
29,/r/mechmarket/comments/jl8xtv/usca_h_40_ortho_keyboards_cables_switches_keycaps/,"gmk phosphorous, base",300,2020-10-31 00:42:04
30,/r/mechmarket/comments/jl7cxv/usma_h_polycarbonate_norbatouch_case_wilbatech/,"gmk olivia++, light base, spacebars",430,2020-10-30 23:06:27
31,/r/mechmarket/comments/jl7cxv/usma_h_polycarbonate_norbatouch_case_wilbatech/,"gmk olivia++, light base",350,2020-10-30 23:06:27
32,/r/mechmarket/comments/jl7cxv/usma_h_polycarbonate_norbatouch_case_wilbatech/,"gmk olivia++, spacebars",90,2020-10-30 23:06:27
33,/r/mechmarket/comments/jl7cxv/usma_h_polycarbonate_norbatouch_case_wilbatech/,"gmk striker, 40s",150,2020-10-30 23:06:27
34,/r/mechmarket/comments/jl64xh/caon_h_gmk_cafe_base_spacebars_rama_bean_w_paypal/,"gmk cafe, base",300,2020-10-30 21:56:14
35,/r/mechmarket/comments/jl64xh/caon_h_gmk_cafe_base_spacebars_rama_bean_w_paypal/,"gmk cafe, rama",150,2020-10-30 21:56:14
36,/r/mechmarket/comments/jl64xh/caon_h_gmk_cafe_base_spacebars_rama_bean_w_paypal/,"gmk cafe, spacebars, rama",250,2020-10-30 21:56:14
37,/r/mechmarket/comments/jl5q2a/usca_h_gmk_cafe_base_spacebars_gmk_umbra_epbt_wob/,"gmk cafe, base, spacebars",300,2020-10-30 21:32:37
38,/r/mechmarket/comments/jl5q2a/usca_h_gmk_cafe_base_spacebars_gmk_umbra_epbt_wob/,"gmk cafe, base",75,2020-10-30 21:32:37
39,/r/mechmarket/comments/jl5q2a/usca_h_gmk_cafe_base_spacebars_gmk_umbra_epbt_wob/,"gmk cafe, spacebars",365,2020-10-30 21:32:37
40,/r/mechmarket/comments/jl5q2a/usca_h_gmk_cafe_base_spacebars_gmk_umbra_epbt_wob/,"gmk umbra, base",270,2020-10-30 21:32:37
41,/r/mechmarket/comments/jl4ulk/usne_h_black_drop_alt_high_profile_holy_pandas/,"gmk laser, base",80,2020-10-30 20:43:59
42,/r/mechmarket/comments/jl4j9g/usma_h_pc_kbd8x_mkii_mt3_serika_gmk_bingsu_text/,"gmk bingsu, mods",65,2020-10-30 20:26:58
43,/r/mechmarket/comments/jkpmv0/usmi_h_ewhite_tofu60_bstock_case_instant60/,"gmk 7u, spacebars",5,2020-10-30 03:43:56
44,/r/mechmarket/comments/jko00u/usca_h_tgr_a17_brutal60instant60_tsangan_gmk/,"gmk olivia++, base, spacebars",300,2020-10-30 01:59:48
45,/r/mechmarket/comments/jknhpz/usnv_h_akb_raine_wkl_gmk_froyo_numpad_drink_me/,"gmk fro.yo, base",280,2020-10-30 01:29:06
46,/r/mechmarket/comments/jkn1mw/usor_h_gmk_cafe_cream_base_numpad_spacebars_60/,"gmk cafe, base, spacebars, numpad",395,2020-10-30 01:02:18
47,/r/mechmarket/comments/jkmey7/usca_h_kbd8xmkii_pc_wkl_tkl_gmk_olivia_light_base/,"gmk olivia, base, spacebars",290,2020-10-30 00:24:55
48,/r/mechmarket/comments/jkmey7/usca_h_kbd8xmkii_pc_wkl_tkl_gmk_olivia_light_base/,"gmk mizu, base",235,2020-10-30 00:24:55
49,/r/mechmarket/comments/jkknnv/ustx_h_cheap_artisans_bob_onokey_sg_nightmare/,"gmk bento, base",150,2020-10-29 22:46:20
50,/r/mechmarket/comments/jkivd8/uscah_olivia_dark_kuro_shiro_w_paypal_cash/,"gmk olivia, base",250,2020-10-29 21:11:42
51,/r/mechmarket/comments/jki2ti/eude_h_gmk_oblivion_v2_base_6u_spacebars_afc_77x/,"gmk oblivion, base, spacebars",228,2020-10-29 20:32:15
52,/r/mechmarket/comments/jkg50c/euie_h_gmk_black_on_white_dsa_dolch_healios_v2_60/,"gmk white, base",132,2020-10-29 18:53:01
53,/r/mechmarket/comments/jkffkf/uswah_dsa_keycaps_gmk_honeywell_tofu65_w_box/,"gmk honeywell, base, accent",140,2020-10-29 18:17:21
54,/r/mechmarket/comments/jkem2f/uscah_gmk_olivia_dark_dualshot_rama_m10m6/,"gmk olivia, base",280,2020-10-29 17:36:27
55,/r/mechmarket/comments/jkem2f/uscah_gmk_olivia_dark_dualshot_rama_m10m6/,"gmk dualshot, base",290,2020-10-29 17:36:27
56,/r/mechmarket/comments/jkd6qa/ussc_h_gmk_coral_base_kit_w_paypal/,"gmk coral, base",280,2020-10-29 16:24:01
57,/r/mechmarket/comments/jkcyrq/usnc_h_kepler_tkl_gmk_olivia_r1_gmk_sandstorm/,"gmk olivia, base",190,2020-10-29 16:12:09
58,/r/mechmarket/comments/jkcyrq/usnc_h_kepler_tkl_gmk_olivia_r1_gmk_sandstorm/,"gmk sandstorm, base",300,2020-10-29 16:12:09
59,/r/mechmarket/comments/jkcyrq/usnc_h_kepler_tkl_gmk_olivia_r1_gmk_sandstorm/,"gmk fro.yo, base, spacebars",210,2020-10-29 16:12:09
60,/r/mechmarket/comments/jkcyrq/usnc_h_kepler_tkl_gmk_olivia_r1_gmk_sandstorm/,"gmk ascii, base",170,2020-10-29 16:12:09
61,/r/mechmarket/comments/jkcceh/euuk_h_duck_viper_v3silver_brutal60black_gmk_red/,"gmk red, base",135,2020-10-29 15:40:10
62,/r/mechmarket/comments/jkbjfh/euse_h_tx65_antique_brass_gmk_burgundy_r3_kbd75/,"gmk burgundy, base",252,2020-10-29 14:57:13
63,/r/mechmarket/comments/jk9uy5/usguh_switch_couture_frosted_acrylic_alice_wpcb/,"gmk nines, alpha, spacebars",115,2020-10-29 13:18:35
64,/r/mechmarket/comments/jk3sia/usca_h_gmk_cafe_dark_alphas_numpad_w_paypal_local/,"gmk café, numpad",95,2020-10-29 04:41:58
65,/r/mechmarket/comments/jk3eco/ustx_h_gmk_modern_dolch_dixiemech_bauer_w_paypal/,"gmk honeywell, base",100,2020-10-29 04:11:56
66,/r/mechmarket/comments/jk3eco/ustx_h_gmk_modern_dolch_dixiemech_bauer_w_paypal/,"gmk modern, base, spacebars",240,2020-10-29 04:11:56
67,/r/mechmarket/comments/jk23nr/uscah_fmj80_taichi_tkl_space65_r1_1800mini_equalz/,"gmk first, novelties",105,2020-10-29 02:41:54
68,/r/mechmarket/comments/jk23nr/uscah_fmj80_taichi_tkl_space65_r1_1800mini_equalz/,"gmk carbon, base",70,2020-10-29 02:41:54
69,/r/mechmarket/comments/jk1rcx/usnyh_gmk_olivia_light_base_zen_pond_2_katsutoshi/,"gmk olivia++, light base",315,2020-10-29 02:20:06
70,/r/mechmarket/comments/jjzzd8/ussc_h_tmov2_idb60_gmk_sets_w_paypal/,"gmk burgundy, base",300,2020-10-29 00:29:17
71,/r/mechmarket/comments/jjzzd8/ussc_h_tmov2_idb60_gmk_sets_w_paypal/,"gmk burgundy, base",120,2020-10-29 00:29:17
72,/r/mechmarket/comments/jjzzd8/ussc_h_tmov2_idb60_gmk_sets_w_paypal/,"gmk burgundy, base",400,2020-10-29 00:29:17
73,/r/mechmarket/comments/jjzhva/usca_h_lubedfilmed_c3_tangerines_planck_hostwap/,"gmk fro.yo, base",220,2020-10-29 00:00:11
74,/r/mechmarket/comments/jjykj1/tw_h_gmk_dualshotbase_novelty_space_gmk/,"gmk dualshot, base, novelties",425,2020-10-28 23:13:23
75,/r/mechmarket/comments/jjykj1/tw_h_gmk_dualshotbase_novelty_space_gmk/,"gmk olivia, dark base",330,2020-10-28 23:13:23
76,/r/mechmarket/comments/jjykj1/tw_h_gmk_dualshotbase_novelty_space_gmk/,"gmk olivia, base",80,2020-10-28 23:13:23
77,/r/mechmarket/comments/jjvo7f/ustn_h_gmk_striker_basecore_w_paypal/,"gmk striker, base",360,2020-10-28 20:27:52
78,/r/mechmarket/comments/jjuayi/usny_h_gmk_9009_r3_base_aesthetic_w_paypal/,"gmk 9009, base",250,2020-10-28 19:16:25
79,/r/mechmarket/comments/jju2uh/usca_h_gmk_8008_modern_kit_kat_milkshake_space/,"gmk 8008, base",70,2020-10-28 19:04:35
80,/r/mechmarket/comments/jjs6ko/usfl_h_gmk_wob_hiragana_base_gmk_olivia_dark_base/,"gmk wob, base",160,2020-10-28 17:28:13
81,/r/mechmarket/comments/jjs6ko/usfl_h_gmk_wob_hiragana_base_gmk_olivia_dark_base/,"gmk 9009, base",55,2020-10-28 17:28:13
82,/r/mechmarket/comments/jjrcts/uscah_hhkb_types_pebble_w_holy_pandas_gmk_plum_w/,"gmk plum, base",150,2020-10-28 16:46:15
83,/r/mechmarket/comments/jjqt7p/usny_h_closet_sale_keycaps_sealed_gmk_night/,"gmk night, base, novelties",390,2020-10-28 16:18:03
84,/r/mechmarket/comments/jjp5m8/ussc_h_matrix_noah_gmk_bingsu_gmk_laser/,"gmk bingsu, base, spacebars",360,2020-10-28 14:50:54
85,/r/mechmarket/comments/jjk4y2/ru_h_gmk_olivia_light_base_spacebars_novelties_w/,"gmk olivia++, light base, novelties, spacebars",450,2020-10-28 08:41:55
86,/r/mechmarket/comments/jjj7q4/ustx_h_gmk_olivia_light_and_spacebars_w_paypal/,"gmk sets, light base",300,2020-10-28 07:11:45
87,/r/mechmarket/comments/jjiph6/usohh_gmk_triumph_alder_preparer_rama_enter_key/,"gmk triumph, base",120,2020-10-28 06:24:27
88,/r/mechmarket/comments/jjhyjf/cn_h_gmk_coral_olivia_light_and_dark_cafe_dmg/,"gmk olivia++, dark base",250,2020-10-28 05:19:38
89,/r/mechmarket/comments/jjhyjf/cn_h_gmk_coral_olivia_light_and_dark_cafe_dmg/,"gmk olivia++, light base",280,2020-10-28 05:19:38
90,/r/mechmarket/comments/jjhyjf/cn_h_gmk_coral_olivia_light_and_dark_cafe_dmg/,"gmk olivia++, spacebars",40,2020-10-28 05:19:38
91,/r/mechmarket/comments/jjhyjf/cn_h_gmk_coral_olivia_light_and_dark_cafe_dmg/,"gmk coral, base, novelties, spacebars",400,2020-10-28 05:19:38
92,/r/mechmarket/comments/jjgw4m/usca_h_built_soldered_acrylic_tofu60_vortex_pok3r/,"gmk screw, base",160,2020-10-28 03:57:44
93,/r/mechmarket/comments/jjg2v7/usca_h_silver_ktype_tkl_drop_ctrl_nk65_blumen_mt3/,"gmk metropolis, base",220,2020-10-28 03:01:42
94,/r/mechmarket/comments/jjg1cm/usid_h_gmk_delta_burgundy_brutal60_hex3c_many/,"gmk delta, base",290,2020-10-28 02:58:56
95,/r/mechmarket/comments/jjftau/usne_h_black_drop_alt_high_profile_drop_pandas/,"gmk laser, base",80,2020-10-28 02:44:05
96,/r/mechmarket/comments/jjfpb1/usny_h_gmk_penumbra_alphas_w_paypal_solarized_kit/,"gmk penumbra, alpha, spacebars",80,2020-10-28 02:36:39
97,/r/mechmarket/comments/jje84p/uscahgmk_cafe_basespacerama_gmk_burgundy_r3_sa_r3/,"gmk cafe, base, spacebars, rama",490,2020-10-28 01:03:58
98,/r/mechmarket/comments/jje84p/uscahgmk_cafe_basespacerama_gmk_burgundy_r3_sa_r3/,"gmk cafe, base, rama",80,2020-10-28 01:03:58
99,/r/mechmarket/comments/jje84p/uscahgmk_cafe_basespacerama_gmk_burgundy_r3_sa_r3/,"gmk cafe, rama",150,2020-10-28 01:03:58
100,/r/mechmarket/comments/jje84p/uscahgmk_cafe_basespacerama_gmk_burgundy_r3_sa_r3/,"gmk burgundy, base",290,2020-10-28 01:03:58
101,/r/mechmarket/comments/jje84p/uscahgmk_cafe_basespacerama_gmk_burgundy_r3_sa_r3/,"gmk trays, base, novelties",290,2020-10-28 01:03:58
102,/r/mechmarket/comments/jjd5rs/usca_h_matrix_abel_gmk_froyo_imsto_odessa/,"gmk metropolis, base",230,2020-10-28 00:00:33
103,/r/mechmarket/comments/jjcxaq/usmih_built_lilac_savage65_extra_millmaxed_pcb/,"gmk cafe, base",300,2020-10-27 23:46:55
104,/r/mechmarket/comments/jjcvtq/usca_h_gmk_oblivion_v2_base_kit_space_bar_kit/,"gmk oblivion, base",260,2020-10-27 23:44:27
105,/r/mechmarket/comments/jjcidw/ustx_h_gmk_wob_icon_kit_h1_switches_mx_blacks_w/,"gmk wob, base",65,2020-10-27 23:23:11
106,/r/mechmarket/comments/jjab8c/usny_h_percent_canoe_gen_2_casio_limited_edition/,"gmk demon, base",700,2020-10-27 21:25:32
107,/r/mechmarket/comments/jja4gd/cabc_h_gmk_red_samurai_65_kit_w_paypal/,"gmk red, base",90,2020-10-27 21:15:14
108,/r/mechmarket/comments/jja0gc/usnjh_brutal60_astock_burgundy_hhkb_millmax/,"gmk delta, base",280,2020-10-27 21:09:51
109,/r/mechmarket/comments/jj811g/uscah_slipline_kbd67v2_mkii_cranes_ergo_clears/,"gmk ocean, alpha",110,2020-10-27 19:30:30
110,/r/mechmarket/comments/jj71cp/ustx_h_hotswap_black_kbd67mkii_realforce_87ub_s/,"gmk screw, base",120,2020-10-27 18:41:45
111,/r/mechmarket/comments/jj6mtg/eude_h_gmk_oblivion_v2_base_gmk_ascii_base_78x/,"gmk oblivion, base",252,2020-10-27 18:21:31
112,/r/mechmarket/comments/jj6mtg/eude_h_gmk_oblivion_v2_base_gmk_ascii_base_78x/,"gmk ascii, base",192,2020-10-27 18:21:31
113,/r/mechmarket/comments/jj4xts/usga_h_matrix_20add_silver_matrix_12og_silver_wkl/,"gmk analog, base",260,2020-10-27 16:55:50
114,/r/mechmarket/comments/jj4xts/usga_h_matrix_20add_silver_matrix_12og_silver_wkl/,"gmk analog, base, alpha",115,2020-10-27 16:55:50
115,/r/mechmarket/comments/jj4xts/usga_h_matrix_20add_silver_matrix_12og_silver_wkl/,"gmk analog, spacebars",50,2020-10-27 16:55:50
116,/r/mechmarket/comments/jj4xts/usga_h_matrix_20add_silver_matrix_12og_silver_wkl/,"gmk alter, base, alpha",315,2020-10-27 16:55:50
117,/r/mechmarket/comments/jj4xts/usga_h_matrix_20add_silver_matrix_12og_silver_wkl/,"gmk delta, base",290,2020-10-27 16:55:50
118,/r/mechmarket/comments/jj4xts/usga_h_matrix_20add_silver_matrix_12og_silver_wkl/,"gmk violet, base, alpha",110,2020-10-27 16:55:50
119,/r/mechmarket/comments/jj4xts/usga_h_matrix_20add_silver_matrix_12og_silver_wkl/,"gmk dualshot, base",290,2020-10-27 16:55:50
120,/r/mechmarket/comments/jj4xts/usga_h_matrix_20add_silver_matrix_12og_silver_wkl/,"gmk nines, base",200,2020-10-27 16:55:50
121,/r/mechmarket/comments/jj4xts/usga_h_matrix_20add_silver_matrix_12og_silver_wkl/,"gmk bingsu, mods",65,2020-10-27 16:55:50
122,/r/mechmarket/comments/jisp3u/usnjh_gmk_cafe_base_spacebar_matrix_20_add_foxlab/,"gmk cafe, base, spacebars",370,2020-10-27 02:15:43
123,/r/mechmarket/comments/jisp3u/usnjh_gmk_cafe_base_spacebar_matrix_20_add_foxlab/,"gmk cafe, base",300,2020-10-27 02:15:43
124,/r/mechmarket/comments/jisp3u/usnjh_gmk_cafe_base_spacebar_matrix_20_add_foxlab/,"gmk dualshot, base",270,2020-10-27 02:15:43
125,/r/mechmarket/comments/jislb7/usca_h_nk_65v2_ewhite_alu_gmk_froyo_gmk_pulse/,"gmk fro.yo, base",220,2020-10-27 02:08:51
126,/r/mechmarket/comments/jislb7/usca_h_nk_65v2_ewhite_alu_gmk_froyo_gmk_pulse/,"gmk pulse, base",170,2020-10-27 02:08:51
127,/r/mechmarket/comments/jir40f/uswa_h_lubed_switches_gmk_deep_navy_deskmat_pbt/,"gmk deep, deskmat",50,2020-10-27 00:37:43
128,/r/mechmarket/comments/jiquro/usca_h_gokxepbt_bow_extended_2048_topre_ducky/,"gmk voc, 40s",40,2020-10-27 00:22:22
129,/r/mechmarket/comments/jiqp9f/uswa_h_modern_m0110_sa_danger_zone_r2_anne_pro/,"gmk in, base",30,2020-10-27 00:13:02
130,/r/mechmarket/comments/jiqkkt/usia_h_rama_cafe_bean_maxkeys_sa_lime_gmk/,"gmk bluegaloo, base",65,2020-10-27 00:05:30
131,/r/mechmarket/comments/jips3u/usca_h_gmk_camping_r2_base_budget_keycaps_w/,"gmk camping, base",250,2020-10-26 23:19:47
132,/r/mechmarket/comments/jiov80/usca_h_think65_wavez_green_gmk_camping_r2_basew/,"gmk camping, base",190,2020-10-26 22:27:46
133,/r/mechmarket/comments/jio5n3/uscah_fmj80_taichi_tkl_space65_r1_1800mini_equalz/,"gmk first, base, novelties",400,2020-10-26 21:49:53
134,/r/mechmarket/comments/jio5n3/uscah_fmj80_taichi_tkl_space65_r1_1800mini_equalz/,"gmk violet, base",270,2020-10-26 21:49:53
135,/r/mechmarket/comments/jinnao/usca_h_large_novatouch_bundle_120x_mx_silent_ink/,"gmk wob, base, novelties, spacebars",140,2020-10-26 21:24:07
136,/r/mechmarket/comments/jinben/usny_h_gmk_cafe_base_w_paypal/,"gmk cafe, base",290,2020-10-26 21:07:40
137,/r/mechmarket/comments/jim8gf/usohh_gmk_dmg_sohos_banana_splits_jwk_linears/,"gmk dmg, base",275,2020-10-26 20:13:37
138,/r/mechmarket/comments/jil62e/euit_h_full_built_tofu_60_zilents_v2_red_samurai/,"gmk red, base",420,2020-10-26 19:21:44
139,/r/mechmarket/comments/jikoj2/usca_h_gmk_olivia_light_base_jelly_key_artisans/,"gmk olivia++, light base",310,2020-10-26 18:57:09
140,/r/mechmarket/comments/jikn5k/usca_h_kbd67_ink_pc_nk65_blumen_gmk_sets_pom_holy/,"gmk fuyu, base",300,2020-10-26 18:55:13
141,/r/mechmarket/comments/jikn5k/usca_h_kbd67_ink_pc_nk65_blumen_gmk_sets_pom_holy/,"gmk 9009, base",175,2020-10-26 18:55:13
142,/r/mechmarket/comments/jikgrc/usca_h_gmk_dots_w_paypal/,"gmk dots, base",300,2020-10-26 18:46:17
143,/r/mechmarket/comments/jijffp/usmdhsealed_gmk_dualshot_base_mt3_serikalatin/,"gmk dualshot, base",300,2020-10-26 17:54:45
144,/r/mechmarket/comments/jij7a0/usny_h_gmk_fuyu_base_spacebars_epbt_hive_core/,"gmk fuyu, base, spacebars",400,2020-10-26 17:43:39
145,/r/mechmarket/comments/jiixvp/usca_h_plum_iron165_gmk_bingsu_bundle_cafe_numpad/,"gmk 8008, base",350,2020-10-26 17:30:40
146,/r/mechmarket/comments/jihofg/vn_h_olivia_bundle_coralpink_fox_80se_infinikey/,"gmk olivia++, light base, rama",600,2020-10-26 16:27:22
147,/r/mechmarket/comments/jih3zg/sg_h_olivia_dark_and_spacebar_set_w_paypal/,"gmk olivia++, base",290,2020-10-26 15:56:45
148,/r/mechmarket/comments/jih3zg/sg_h_olivia_dark_and_spacebar_set_w_paypal/,"gmk olivia++, spacebars",70,2020-10-26 15:56:45
149,/r/mechmarket/comments/jib860/au_h_selling_artisan_keyluminati_navacaps_fraktal/,"gmk redacted, base",100,2020-10-26 09:02:35
150,/r/mechmarket/comments/ji8ea9/uscah_gmk_peach_blossom_w_paypal/,"gmk peach, base",230,2020-10-26 04:42:28
151,/r/mechmarket/comments/ji596b/ussc_h_tmov2_idb60_gmk_rudy_gmk_dualshot_gmk/,"gmk rudy, base",300,2020-10-26 01:06:57
152,/r/mechmarket/comments/ji596b/ussc_h_tmov2_idb60_gmk_rudy_gmk_dualshot_gmk/,"gmk rudy, alpha",150,2020-10-26 01:06:57
153,/r/mechmarket/comments/ji596b/ussc_h_tmov2_idb60_gmk_rudy_gmk_dualshot_gmk/,"gmk rudy, spacebars",70,2020-10-26 01:06:57
154,/r/mechmarket/comments/ji596b/ussc_h_tmov2_idb60_gmk_rudy_gmk_dualshot_gmk/,"gmk rudy, base",500,2020-10-26 01:06:57
155,/r/mechmarket/comments/ji596b/ussc_h_tmov2_idb60_gmk_rudy_gmk_dualshot_gmk/,"gmk dualshot, novelties",70,2020-10-26 01:06:57
156,/r/mechmarket/comments/ji596b/ussc_h_tmov2_idb60_gmk_rudy_gmk_dualshot_gmk/,"gmk dualshot, spacebars",70,2020-10-26 01:06:57
157,/r/mechmarket/comments/ji596b/ussc_h_tmov2_idb60_gmk_rudy_gmk_dualshot_gmk/,"gmk dualshot, base",420,2020-10-26 01:06:57
158,/r/mechmarket/comments/ji4taf/auh_austere_alice_gmk_burgundy_r3_gmk_analog/,"gmk burgundy, base",330,2020-10-26 00:39:37
159,/r/mechmarket/comments/ji4taf/auh_austere_alice_gmk_burgundy_r3_gmk_analog/,"gmk analog, base, novelties",370,2020-10-26 00:39:37
160,/r/mechmarket/comments/ji4fr0/usny_h_nk65_entry_edition_purple_70x_turquoise/,"gmk violet, base",190,2020-10-26 00:16:19
161,/r/mechmarket/comments/ji43dl/usca_h_gmk_olivia_hihihi_selaed_novelkeys/,"gmk olivia++, base",45,2020-10-25 23:55:51
162,/r/mechmarket/comments/ji43dl/usca_h_gmk_olivia_hihihi_selaed_novelkeys/,"gmk olivia++, novelties",52,2020-10-25 23:55:51
163,/r/mechmarket/comments/ji40wm/usid_h_gmk_delta_discipline_65_acrylic_case_nk/,"gmk delta, base",325,2020-10-25 23:51:37
164,/r/mechmarket/comments/ji3erz/ushih_gmk_camping_r2_base_kbdpad_mkii_gmk_cafe/,"gmk camping, base",230,2020-10-25 23:13:58
165,/r/mechmarket/comments/ji3erz/ushih_gmk_camping_r2_base_kbdpad_mkii_gmk_cafe/,"gmk cafe, numpad",75,2020-10-25 23:13:58
166,/r/mechmarket/comments/ji235h/usilh_gmk_cafe_rama_bean_rudy_plum_epbt_blank/,"gmk café, base",300,2020-10-25 21:56:27
167,/r/mechmarket/comments/ji235h/usilh_gmk_cafe_rama_bean_rudy_plum_epbt_blank/,"gmk café, rama",190,2020-10-25 21:56:27
168,/r/mechmarket/comments/ji235h/usilh_gmk_cafe_rama_bean_rudy_plum_epbt_blank/,"gmk rudy, base",315,2020-10-25 21:56:27
169,/r/mechmarket/comments/ji235h/usilh_gmk_cafe_rama_bean_rudy_plum_epbt_blank/,"gmk plum, base",180,2020-10-25 21:56:27
170,/r/mechmarket/comments/jhzlpa/usca_h_canoe_gen_2_panda_gmk_serika_core_gmk/,"gmk olivia, light base",330,2020-10-25 19:39:28
171,/r/mechmarket/comments/jhz94q/usva_h_gmk_cafe_metropolis_n6tu1cr_rama_8008/,"gmk cafe, base",290,2020-10-25 19:20:08
172,/r/mechmarket/comments/jhz94q/usva_h_gmk_cafe_metropolis_n6tu1cr_rama_8008/,"gmk metropolis, base",210,2020-10-25 19:20:08
173,/r/mechmarket/comments/jhy7ok/no_h_rama_m60a_dusk_seq1_gmk_plum_tex_tkl_case/,"gmk plum, spacebars",130,2020-10-25 18:22:39
174,/r/mechmarket/comments/jhy7ok/no_h_rama_m60a_dusk_seq1_gmk_plum_tex_tkl_case/,"gmk unique0rn, base",45,2020-10-25 18:22:39
175,/r/mechmarket/comments/jhy3ft/usva_h_gmk_nines_gmk_oblivion_v2_cm_novatouch/,"gmk nines, base",180,2020-10-25 18:16:25
176,/r/mechmarket/comments/jhy3ft/usva_h_gmk_nines_gmk_oblivion_v2_cm_novatouch/,"gmk oblivion, base",230,2020-10-25 18:16:25
177,/r/mechmarket/comments/jhx834/usva_h_gmk_coral_w_paypal/,"gmk coral, base",280,2020-10-25 17:26:39
178,/r/mechmarket/comments/jhwtqf/usca_h_matrix_abel_gmk_metropolis_gmk_froyo_gmk/,"gmk metropolis, base",240,2020-10-25 17:03:49
179,/r/mechmarket/comments/jhwtqf/usca_h_matrix_abel_gmk_metropolis_gmk_froyo_gmk/,"gmk froyo, base",240,2020-10-25 17:03:49
180,/r/mechmarket/comments/jhui5i/usmd_h_m60a_seq_2_haze_w_gold_backweight_and/,"gmk hyperfuse, base",175,2020-10-25 14:47:21
181,/r/mechmarket/comments/jhsz5i/eude_h_kbd67v2_mkii_greysilver_sprit_spring_62g/,"gmk peaches, base",36,2020-10-25 13:01:33
182,/r/mechmarket/comments/jhrh36/ustxhgmk_nines_sa_carbon_warning_signs_dell/,"gmk nines, base",230,2020-10-25 10:49:12
183,/r/mechmarket/comments/jhpfh6/usca_h_keycap_sets_gmk_metropolis_epbt_sushi/,"gmk metropolis, base",280,2020-10-25 07:26:24
184,/r/mechmarket/comments/jhp6n3/usmo_h_gmk_burgundy_r3_gmk_skidolcha_w_paypal/,"gmk burgundy, base",205,2020-10-25 07:03:04
185,/r/mechmarket/comments/jhp6n3/usmo_h_gmk_burgundy_r3_gmk_skidolcha_w_paypal/,"gmk skidolcha, base",115,2020-10-25 07:03:04
186,/r/mechmarket/comments/jhp0n2/uscahgmk_cafe_planck_kaws_deskmat_w_paypal/,"gmk cafe, base",310,2020-10-25 06:47:09
187,/r/mechmarket/comments/jhk98f/usvah_grey_unbuilt_sat75_with_extras_chimera65/,"gmk mizu, base, novelties, spacebars",500,2020-10-25 00:43:03
188,/r/mechmarket/comments/jhk98f/usvah_grey_unbuilt_sat75_with_extras_chimera65/,"gmk mizu, novelties",100,2020-10-25 00:43:03
189,/r/mechmarket/comments/jhk98f/usvah_grey_unbuilt_sat75_with_extras_chimera65/,"gmk mizu, spacebars",50,2020-10-25 00:43:03
190,/r/mechmarket/comments/jhj975/ushi_h_gmk_cafe_base_spacebars_rama_bean_w_paypal/,"gmk cafe, base",290,2020-10-24 23:37:19
191,/r/mechmarket/comments/jhj975/ushi_h_gmk_cafe_base_spacebars_rama_bean_w_paypal/,"gmk cafe, spacebars",100,2020-10-24 23:37:19
192,/r/mechmarket/comments/jhhpmo/usca_h_gmk_cafe_artisans_w_paypal/,"gmk cafe, base",290,2020-10-24 22:02:54
193,/r/mechmarket/comments/jhh11r/eude_h_vintage_boards_gmk_nautilus/,"gmk nautilus, base, spacebars",360,2020-10-24 21:23:16
194,/r/mechmarket/comments/jhgu0u/usmo_h_gmk_9009_base_aesthetic_polycarbonate/,"gmk 9009, base",200,2020-10-24 21:12:07
195,/r/mechmarket/comments/jhgu0u/usmo_h_gmk_9009_base_aesthetic_polycarbonate/,"gmk 9009, spacebars",75,2020-10-24 21:12:07
196,/r/mechmarket/comments/jhgfle/my_h_gmk_plum_gmk_triumph_adler_w_paypal_local/,"gmk triumph, base",145,2020-10-24 20:48:55
197,/r/mechmarket/comments/jhgfle/my_h_gmk_plum_gmk_triumph_adler_w_paypal_local/,"gmk triumph, base",155,2020-10-24 20:48:55
198,/r/mechmarket/comments/jhg3ve/uscah_nk_65v2_ewhite_alu_drop_alt_laser_hp_with/,"gmk fro.yo, base",220,2020-10-24 20:30:10
199,/r/mechmarket/comments/jhg3ve/uscah_nk_65v2_ewhite_alu_drop_alt_laser_hp_with/,"gmk pulse, base",170,2020-10-24 20:30:10
200,/r/mechmarket/comments/jhezi8/usny_h_rama_u80a_lake_hotswap_built_kbd67_mk2_w/,"gmk set, rama",1,2020-10-24 19:26:32
201,/r/mechmarket/comments/jhezi8/usny_h_rama_u80a_lake_hotswap_built_kbd67_mk2_w/,"gmk cafe, base",700,2020-10-24 19:26:32
202,/r/mechmarket/comments/jhdw4a/eues_h_gmk_olivia_light_base_w_paypal/,"gmk olivia++, light base",18,2020-10-24 18:25:53
203,/r/mechmarket/comments/jhdf5l/usnyhnorbaforce_x2_lubrigante_olivia_dark/,"gmk olivia++, dark base",280,2020-10-24 17:59:15
204,/r/mechmarket/comments/jhdf5l/usnyhnorbaforce_x2_lubrigante_olivia_dark/,"gmk dualshot, base, novelties",380,2020-10-24 17:59:15
205,/r/mechmarket/comments/jhbl3r/eues_h_gmk_chocolatier_basenovelties_mojo60/,"gmk chocolatier, base, novelties, spacebars",300,2020-10-24 16:13:19
206,/r/mechmarket/comments/jh6lov/usca_h_gmk_mizu_base_w_paypal/,"gmk mizu, base",350,2020-10-24 10:17:51
207,/r/mechmarket/comments/jh14nk/usnjh_foxlab_f80se_eo87_rama_u80a_pcb_melgeek/,"gmk sets, base",270,2020-10-24 02:32:08
208,/r/mechmarket/comments/jgzgsl/usor_h_built_white_evil82_with_pink_alu_weight/,"gmk camping, base",210,2020-10-24 00:39:43
209,/r/mechmarket/comments/jgz0jv/uscah_drop_alt_high_profile_space_grey_415keys/,"gmk fro.yo, base",225,2020-10-24 00:10:41
210,/r/mechmarket/comments/jgyem1/usca_h_built_acrylic_tofu60_vortex_pok3r/,"gmk screw, base",170,2020-10-23 23:32:48
211,/r/mechmarket/comments/jgws42/usky_h_built_discipline_65_high_profile_gmk/,"gmk analog, base",280,2020-10-23 21:59:09
212,/r/mechmarket/comments/jgws42/usky_h_built_discipline_65_high_profile_gmk/,"gmk analog, alpha",130,2020-10-23 21:59:09
213,/r/mechmarket/comments/jgws42/usky_h_built_discipline_65_high_profile_gmk/,"gmk analog, novelties",110,2020-10-23 21:59:09
214,/r/mechmarket/comments/jgws42/usky_h_built_discipline_65_high_profile_gmk/,"gmk oblivion, base",230,2020-10-23 21:59:09
215,/r/mechmarket/comments/jgwpnm/usca_h_pc_e85_gmk_dualshot_gmk_froyo_70x/,"gmk dualshot, base",290,2020-10-23 21:55:19
216,/r/mechmarket/comments/jgwpnm/usca_h_pc_e85_gmk_dualshot_gmk_froyo_70x/,"gmk fro.yo, base",215,2020-10-23 21:55:19
217,/r/mechmarket/comments/jgwjae/uscah_gmk_cafe_base_spacebars_tofu60_unbuilt_epbt/,"gmk cafe, base, spacebars",360,2020-10-23 21:45:19
218,/r/mechmarket/comments/jgugu5/usma_h_key65_pc_gmk_mizu_base_w_paypal/,"gmk mizu, base",350,2020-10-23 19:55:36
219,/r/mechmarket/comments/jgrkq1/uspa_h_artisan_gmks_w_paypal/,"gmk olivia++, spacebars",300,2020-10-23 17:25:10
220,/r/mechmarket/comments/jgr2cp/usazh_dr5_wildstory_lola_fully_built_acrylic/,"gmk fuyu, base",100,2020-10-23 17:00:05
221,/r/mechmarket/comments/jgqzfj/euuk_h_purple_id80_black_id75_bundle_black_jj50/,"gmk red, base",180,2020-10-23 16:55:54
222,/r/mechmarket/comments/jgjpgz/au_h_gmk_dualshot_pok3r_w_paypal_other_gmk_sets/,"gmk dualshot, base",281,2020-10-23 09:14:24
223,/r/mechmarket/comments/jge7x9/sgh_froyoanalog_dreamsalpha_artisans_w_paypal/,"gmk analog, base",390,2020-10-23 02:28:03
224,/r/mechmarket/comments/jge346/uspa_h_sa_foundation_sa_royalty_60_ansi_with/,"gmk clipped, base",100,2020-10-23 02:19:37
225,/r/mechmarket/comments/jgd2nq/usva_h_69x_mint_holy_pandas_gmk_hydro_some/,"gmk hydro, base, spacebars",160,2020-10-23 01:17:19
226,/r/mechmarket/comments/jgahrw/usfl_h_gmk_cafe_new_sealed_w_paypal/,"gmk cafe, base",300,2020-10-22 22:45:54
227,/r/mechmarket/comments/jg8gt5/usnj_h_gmk_cafe_base_nk65_entry_smoke/,"gmk cafe, base",325,2020-10-22 20:58:48
228,/r/mechmarket/comments/jg7nfb/eude_h_price_drops_vintage_mx_blacks_boards_caps/,"gmk nautilus, base, spacebars",360,2020-10-22 20:18:10
229,/r/mechmarket/comments/jg6tgl/ustxhgmk_8008_baseaccent_and_gmk_olive_base_w/,"gmk 8008, base, accent",400,2020-10-22 19:37:24
230,/r/mechmarket/comments/jg6tgl/ustxhgmk_8008_baseaccent_and_gmk_olive_base_w/,"gmk olive, base",300,2020-10-22 19:37:24
231,/r/mechmarket/comments/jfz15k/euse_h_sirius_wkl_sir_mcflurry_keypora_mulder_v2/,"gmk screw, base",336,2020-10-22 12:52:08
232,/r/mechmarket/comments/jfr5o5/sgh_fully_built_black_eo87_gmk_8008_w_paypal/,"gmk 8008, base, accent",500,2020-10-22 02:28:42
233,/r/mechmarket/comments/jfoykb/usca_h_tofu60_case_plate_gmk_camping_r2_gmk_red/,"gmk camping, base",250,2020-10-22 00:10:55
234,/r/mechmarket/comments/jfoh87/usca_h_gmk_olivia_dark_base_extension_craftkey/,"gmk olivia, dark base, spacebars",250,2020-10-21 23:42:25
235,/r/mechmarket/comments/jfnbzc/usva_h_vaporwave_sets_modded_drop_alt_high/,"gmk vaporwave, base",300,2020-10-21 22:35:13
236,/r/mechmarket/comments/jfnbzc/usva_h_vaporwave_sets_modded_drop_alt_high/,"gmk vaporwave, base",100,2020-10-21 22:35:13
237,/r/mechmarket/comments/jfmuxf/usca_h_gmk_fuyu_w_paypal/,"gmk fuyu, base",250,2020-10-21 22:08:21
238,/r/mechmarket/comments/jfmhh4/usfl_h_gmk_dualshot_novelties_w_paypal/,"gmk dualshot, base, novelties",285,2020-10-21 21:48:39
239,/r/mechmarket/comments/jfkp4x/eude_h_gmk_ascii_base_w_paypal/,"gmk ascii, base",6,2020-10-21 20:14:43
240,/r/mechmarket/comments/jfkaas/usky_h_built_discipline_65_high_profile_yc96_gmk/,"gmk oblivion, base",240,2020-10-21 19:53:47
241,/r/mechmarket/comments/jfjz0s/usny_h_gmk_delta_base_w_paypal/,"gmk delta, base",350,2020-10-21 19:37:36
242,/r/mechmarket/comments/jfinke/usca_h_gmk_dualshot_base_w_paypal/,"gmk dualshot, base",285,2020-10-21 18:31:42
243,/r/mechmarket/comments/jfhm6d/euuk_h_gmk_wob_hiragana_w_paypal/,"gmk wob, base",280,2020-10-21 17:39:46
244,/r/mechmarket/comments/jfgdlw/usca_h_sa_sunday_morning_peach_alpha_maroon_alpha/,"gmk metropolis, base",100,2020-10-21 16:37:37
245,/r/mechmarket/comments/jfgcm3/usalh_gmk_cafe_40sortho_ramas_bean_preparer_w/,"gmk cafe, 40s",105,2020-10-21 16:36:11
246,/r/mechmarket/comments/jffnue/my_h_gmk_triumph_adler_sa_symbiosis_20_w_paypal/,"gmk triumph, base",145,2020-10-21 16:01:45
247,/r/mechmarket/comments/jffnue/my_h_gmk_triumph_adler_sa_symbiosis_20_w_paypal/,"gmk triumph, base",155,2020-10-21 16:01:45
248,/r/mechmarket/comments/jfdkpy/eues_h_gmk_chocolatier_basenoveltiesspacebars/,"gmk chocolatier, base, novelties, spacebars",320,2020-10-21 14:12:11
249,/r/mechmarket/comments/jf668q/cabc_h_gmk_9009_r2_space_aviator_cable_botanical/,"gmk r2, base",150,2020-10-21 04:29:46
250,/r/mechmarket/comments/jf610y/usfl_h_gmk_olivia_light_gmk_olive_gmk_oblivion_r2/,"gmk olive, base, spacebars, 40s",350,2020-10-21 04:19:06
251,/r/mechmarket/comments/jf610y/usfl_h_gmk_olivia_light_gmk_olive_gmk_oblivion_r2/,"gmk olivia++, base",325,2020-10-21 04:19:06
252,/r/mechmarket/comments/jf610y/usfl_h_gmk_olivia_light_gmk_olive_gmk_oblivion_r2/,"gmk oblivion, base, spacebars",275,2020-10-21 04:19:06
253,/r/mechmarket/comments/jf4yk0/caon_h_gmk_analog_dreams_novelties_mauve_switches/,"gmk analog, base, novelties",300,2020-10-21 03:04:26
254,/r/mechmarket/comments/jf3sj9/auh_gmk_delta_s_craft_artisans_pikatea_macropad_w/,"gmk delta, base",260,2020-10-21 01:52:28
255,/r/mechmarket/comments/jf2xwe/usaz_h_gmk_wavez_bundle_gmk_jamon_bundle_gmk_ta90/,"gmk laser, base",100,2020-10-21 01:02:09
256,/r/mechmarket/comments/jf2xwe/usaz_h_gmk_wavez_bundle_gmk_jamon_bundle_gmk_ta90/,"gmk ta90, base, spacebars, numpad",320,2020-10-21 01:02:09
257,/r/mechmarket/comments/jf2xwe/usaz_h_gmk_wavez_bundle_gmk_jamon_bundle_gmk_ta90/,"gmk metaverse, spacebars",60,2020-10-21 01:02:09
258,/r/mechmarket/comments/jf2xwe/usaz_h_gmk_wavez_bundle_gmk_jamon_bundle_gmk_ta90/,"gmk jamon, base, novelties, spacebars, numpad",500,2020-10-21 01:02:09
259,/r/mechmarket/comments/jf2xwe/usaz_h_gmk_wavez_bundle_gmk_jamon_bundle_gmk_ta90/,"gmk jamon, 40s",85,2020-10-21 01:02:09
260,/r/mechmarket/comments/jf2xwe/usaz_h_gmk_wavez_bundle_gmk_jamon_bundle_gmk_ta90/,"gmk serika, 40s",70,2020-10-21 01:02:09
261,/r/mechmarket/comments/jf2t9v/ussd_h_m6c_iced_nk65_v1_epbt_2048_extended_gmk/,"gmk carbon, base",50,2020-10-21 00:54:32
262,/r/mechmarket/comments/jf28kd/usca_h_archon_real_superior_ex_c3_tangerines_gmk/,"gmk red, base",100,2020-10-21 00:20:51
263,/r/mechmarket/comments/jf1469/caabhgmk_cafe_base_set_wpaypal/,"gmk cafe, base",300,2020-10-20 23:17:34
264,/r/mechmarket/comments/jf0ej7/usid_h_gmk_calm_depths_epbt_bow_pbt_muted_kbdfans/,"gmk calm, base",180,2020-10-20 22:37:46
265,/r/mechmarket/comments/jf05f9/usmi_h_custom_flex_coiled_cables_w_paypal/,"gmk waves, base",75,2020-10-20 22:23:50
266,/r/mechmarket/comments/jez4qx/uspa_h_gmk_olivia_light_base_olivia_light_deskmat/,"gmk olivia++, light base",330,2020-10-20 21:31:04
267,/r/mechmarket/comments/jez4qx/uspa_h_gmk_olivia_light_base_olivia_light_deskmat/,"gmk olivia++, base, deskmat",50,2020-10-20 21:31:04
268,/r/mechmarket/comments/jez4qx/uspa_h_gmk_olivia_light_base_olivia_light_deskmat/,"gmk minimal, base",40,2020-10-20 21:31:04
269,/r/mechmarket/comments/jex7fc/usca_h_mode80_fe_key65_pc_abelx_eva_01extras_gmk/,"gmk dualshot, base",315,2020-10-20 19:52:53
270,/r/mechmarket/comments/jew81d/caab_h_wasd_code_vp3_kbd_fans_tofu_65_acrylic/,"gmk mondrian, base",50,2020-10-20 19:03:23
271,/r/mechmarket/comments/jerq6s/euukh_port_rama_u80_rama_internal_dampener_gmk/,"gmk olivia++, base",16,2020-10-20 15:26:24
272,/r/mechmarket/comments/jeri3f/caqc_h_tofu_60_silver_gk64s_pcb_w_paypal/,"gmk screw, base",40,2020-10-20 15:15:22
273,/r/mechmarket/comments/jeozkl/sg_h_rama_u80a_milk_hotswap_gmk_crimson_cadet/,"gmk crimson, base",245,2020-10-20 13:00:17
274,/r/mechmarket/comments/je1q28/euuk_h_gmk_ascii_base_glorious_holy_pandas_w/,"gmk ascii, base",216,2020-10-19 13:34:16
275,/r/mechmarket/comments/jduw8y/ustxh_navy_keycult_no1rev1_astock_bundle_matrix/,"gmk rudy, base, spacebars",350,2020-10-19 04:11:24
276,/r/mechmarket/comments/jdup40/caon_h_108x_glorious_holy_pandas_batch_1_brutal/,"gmk red, base",180,2020-10-19 03:56:27
277,/r/mechmarket/comments/jdsqqw/usca_h_gmk_olivia_light_base_rama_m6c_iced_mstone/,"gmk olivia++, light base",315,2020-10-19 01:38:54
278,/r/mechmarket/comments/jdsakx/usva_h_gmk_olivia_dark_base_crimson_cadet_froyo_w/,"gmk olivia++, dark base",350,2020-10-19 01:09:08
279,/r/mechmarket/comments/jdsakx/usva_h_gmk_olivia_dark_base_crimson_cadet_froyo_w/,"gmk crimson, base",300,2020-10-19 01:09:08
280,/r/mechmarket/comments/jdsakx/usva_h_gmk_olivia_dark_base_crimson_cadet_froyo_w/,"gmk froyo, base",230,2020-10-19 01:09:08
281,/r/mechmarket/comments/jds5ly/usca_h_built_acrylic_tofu60_epbt_x_gok_bow/,"gmk screw, base",175,2020-10-19 01:00:02
282,/r/mechmarket/comments/jdrrqs/usca_h_gmk_vaporwave_base_gmk_olivia_light_base/,"gmk vaporwave, base",310,2020-10-19 00:33:46
283,/r/mechmarket/comments/jdrrqs/usca_h_gmk_vaporwave_base_gmk_olivia_light_base/,"gmk olivia, light base",310,2020-10-19 00:33:46
284,/r/mechmarket/comments/jdrn5r/usny_h_gmk_delta_candybar_premium_lefty_package/,"gmk delta, base",330,2020-10-19 00:25:22
285,/r/mechmarket/comments/jdr18l/usnc_h_space65_cybervoyager_sa_oblivion_gmk/,"gmk olivia++, novelties",50,2020-10-18 23:46:11
286,/r/mechmarket/comments/jdqyrp/usnj_h_gmk_modo_r1_summitcables_dracula_type_c/,"gmk modern, base",250,2020-10-18 23:41:36
287,/r/mechmarket/comments/jdqmj0/ustx_h_gmk_fuyu_base_icon_mod_kit_spacebars_kit/,"gmk fuyu, base, spacebars",400,2020-10-18 23:20:20
288,/r/mechmarket/comments/jdqayk/usca_h_archon_superior_ex_gmk_dualshot_gmk_dots/,"gmk dualshot, base",315,2020-10-18 23:00:33
289,/r/mechmarket/comments/jdqayk/usca_h_archon_superior_ex_gmk_dualshot_gmk_dots/,"gmk dots, base",340,2020-10-18 23:00:33
290,/r/mechmarket/comments/jdqayk/usca_h_archon_superior_ex_gmk_dualshot_gmk_dots/,"gmk 8008, base",350,2020-10-18 23:00:33
291,/r/mechmarket/comments/jdps9m/usnjh_gmk_nautilus_nightmares_base_nautilus_abyss/,"gmk nautilus, base",180,2020-10-18 22:29:03
292,/r/mechmarket/comments/jdoodx/ushihtofu_hhkb_biip_2048_torii_gmk_ceresia/,"gmk ceresia, base",80,2020-10-18 21:25:47
293,/r/mechmarket/comments/jdnvnq/usca_h_gmk_oblivion_v2_regular_gmk_camping_r2/,"gmk oblivion, base",240,2020-10-18 20:41:47
294,/r/mechmarket/comments/jdnvnq/usca_h_gmk_oblivion_v2_regular_gmk_camping_r2/,"gmk camping, base, novelties",275,2020-10-18 20:41:47
295,/r/mechmarket/comments/jdmd4p/usca_h_gmk_rudy_base_sealed_w_paypal/,"gmk rudy, base",260,2020-10-18 19:19:14
296,/r/mechmarket/comments/jdlghw/usca_h_gmk_olivia_dark_delta_with_spacebars_w/,"gmk olivia, dark base, spacebars",350,2020-10-18 18:29:41
297,/r/mechmarket/comments/jdlghw/usca_h_gmk_olivia_dark_delta_with_spacebars_w/,"gmk delta, spacebars",400,2020-10-18 18:29:41
298,/r/mechmarket/comments/jdipn3/ustn_h_rama_master_gold_pvd_brass_cap_w_paypal/,"gmk masterpiece, base, rama",135,2020-10-18 15:57:58
299,/r/mechmarket/comments/jdgdmj/euuk_h_cafe_base_black_kit_rama_m60a_bluetooth/,"gmk cafe, base, alpha, spacebars",154,2020-10-18 13:30:59
300,/r/mechmarket/comments/jdgdmj/euuk_h_cafe_base_black_kit_rama_m60a_bluetooth/,"gmk screw, base",56,2020-10-18 13:30:59
301,/r/mechmarket/comments/jd9ko3/usca_h_gmk_nautilus_nightmares_coiled_aviator/,"gmk nautilus, base",220,2020-10-18 04:02:08
302,/r/mechmarket/comments/jd9812/sgh_sealed_gmk_olivia_extension_novelties_space/,"gmk bingsu, base",110,2020-10-18 03:36:18
303,/r/mechmarket/comments/jd7mlw/ushih_ghost_switches_nk_creams_fff_sohos/,"gmk 9009, base, spacebars",200,2020-10-18 01:46:29
304,/r/mechmarket/comments/jd6sl0/usca_h_115x_v1_uhmwpe_stems_w_paypal_20x_aqua/,"gmk b, base",20,2020-10-18 00:50:00
305,/r/mechmarket/comments/jd64cl/uscah_fmj80_taichi_tkl_alf_x11_tric80_equalz/,"gmk first, base, novelties",400,2020-10-18 00:05:19
306,/r/mechmarket/comments/jd64cl/uscah_fmj80_taichi_tkl_alf_x11_tric80_equalz/,"gmk violet, base",270,2020-10-18 00:05:19
307,/r/mechmarket/comments/jd5pvc/usga_h_nk65_entry_frost_gmk_umbra_spacebar_kit_w/,"gmk umbra, spacebars",49,2020-10-17 23:39:47
308,/r/mechmarket/comments/jd5oon/uscah_return_60_gmk_dots_sa_bliss_instant60_pcb_w/,"gmk dots, base",300,2020-10-17 23:37:39
309,/r/mechmarket/comments/jd5dzi/usca_h_bundle_nk_65_entry_smoke_gmk_tokyo_nights/,"gmk sky, base",370,2020-10-17 23:18:57
310,/r/mechmarket/comments/jd4qlq/usca_h_nk65_entry_edition_smoke_gmk_masterpiece/,"gmk masterpiece, rama",100,2020-10-17 22:39:14
311,/r/mechmarket/comments/jd2r0m/caqc_h_gmk_boba_fett_gmk_9009_r3_base_kit/,"gmk boba, base",250,2020-10-17 20:41:43
312,/r/mechmarket/comments/jd2r0m/caqc_h_gmk_boba_fett_gmk_9009_r3_base_kit/,"gmk sandstorm, base, spacebars",340,2020-10-17 20:41:43
313,/r/mechmarket/comments/jd2r0m/caqc_h_gmk_boba_fett_gmk_9009_r3_base_kit/,"gmk 9009, base",245,2020-10-17 20:41:43
314,/r/mechmarket/comments/jd2qki/caqc_h_tofu_60_silver_gk64s_diy_cable_kit_pbt/,"gmk screw, base",50,2020-10-17 20:41:01
315,/r/mechmarket/comments/jd1p64/usga_h_blue_aluminum_tofu_60_hotswap_build_gmk/,"gmk dualshot, base",295,2020-10-17 19:41:26
316,/r/mechmarket/comments/jd1f2j/ustxhgmk_9009_r3_no_23_brass_weight_for_matrix/,"gmk 9009, base",190,2020-10-17 19:25:32
317,/r/mechmarket/comments/jd0ehc/usil_h_bottles_of_krytox_gpl_105_gmk_olivia_kits/,"gmk olivia++, light base, spacebars, extension",420,2020-10-17 18:29:16
318,/r/mechmarket/comments/jd0ehc/usil_h_bottles_of_krytox_gpl_105_gmk_olivia_kits/,"gmk olivia++, light base",300,2020-10-17 18:29:16
319,/r/mechmarket/comments/jd0ehc/usil_h_bottles_of_krytox_gpl_105_gmk_olivia_kits/,"gmk olivia++, spacebars",65,2020-10-17 18:29:16
320,/r/mechmarket/comments/jd0ehc/usil_h_bottles_of_krytox_gpl_105_gmk_olivia_kits/,"gmk olivia++, extension",65,2020-10-17 18:29:16
321,/r/mechmarket/comments/jczxwi/usnjh_pc_e85_gmk_camping_infinikey_bred_zealio/,"gmk camping, base",225,2020-10-17 18:03:33
322,/r/mechmarket/comments/jcz880/usvah_2x_olivia_rama_minimal_artisan_zilent/,"gmk olivia++, dark base",270,2020-10-17 17:24:01
323,/r/mechmarket/comments/jcz880/usvah_2x_olivia_rama_minimal_artisan_zilent/,"gmk minimal, base",150,2020-10-17 17:24:01
324,/r/mechmarket/comments/jcy1fb/uspa_h_gmk_wob_set_artisan_keycaps_w_paypal/,"gmk wob, base",90,2020-10-17 16:19:45
325,/r/mechmarket/comments/jcxhc6/usny_h_gmk_rudy_base_w_paypal/,"gmk rudy, base",300,2020-10-17 15:49:03
326,/r/mechmarket/comments/jcp660/usnjhx92_v2_zilents_62g_wpaypal_or_trade_for_r2/,"gmk striker, base",450,2020-10-17 04:53:55
327,/r/mechmarket/comments/jcnsdk/usca_h_gmk_carbon_space_kit_jnao_planck_preonic/,"gmk carbon, base",50,2020-10-17 03:05:30
328,/r/mechmarket/comments/jclwu1/uswah_gmk_metropolis_gmk_sky_dolch_dsa_granite_sa/,"gmk metropolis, base, spacebars",250,2020-10-17 00:52:57
329,/r/mechmarket/comments/jclwu1/uswah_gmk_metropolis_gmk_sky_dolch_dsa_granite_sa/,"gmk mr, base",200,2020-10-17 00:52:57
330,/r/mechmarket/comments/jckhu8/usmdh_gmk_olivia_light_base_alexotos_switch_swirl/,"gmk olivia++, light base",310,2020-10-16 23:20:18
331,/r/mechmarket/comments/jck6a4/ussc_h_kat_milkshake_alphasmodsspecialties_gmk/,"gmk olivia++, light base",300,2020-10-16 23:00:09
332,/r/mechmarket/comments/jcjz7t/usca_h_gmk_color_rings_13_available_w_paypal/,"gmk color, base",30,2020-10-16 22:47:52
333,/r/mechmarket/comments/jci4fb/euukh_brutal60_wkl_black_h1_switches_circles/,"gmk 9009, base",12,2020-10-16 21:10:13
334,/r/mechmarket/comments/jci41d/usoh_h_gmk_sets_lz_clsm_tx_hjcp_nk_silks_w_paypal/,"gmk 9009, base",150,2020-10-16 21:09:55
335,/r/mechmarket/comments/jci41d/usoh_h_gmk_sets_lz_clsm_tx_hjcp_nk_silks_w_paypal/,"gmk deep, base",150,2020-10-16 21:09:55
336,/r/mechmarket/comments/jci41d/usoh_h_gmk_sets_lz_clsm_tx_hjcp_nk_silks_w_paypal/,"gmk white, base",125,2020-10-16 21:09:55
337,/r/mechmarket/comments/jcejtc/usin_h_melody96_hotswap_drop_alt_unholy_pandas_w/,"gmk and, base",300,2020-10-16 17:48:07
338,/r/mechmarket/comments/jcejtc/usin_h_melody96_hotswap_drop_alt_unholy_pandas_w/,"gmk red, base",200,2020-10-16 17:48:07
339,/r/mechmarket/comments/jcdvnq/euuk_h_purple_id80_black_id75_bundle_black_jj50/,"gmk red, base",180,2020-10-16 17:12:22
340,/r/mechmarket/comments/jcdbx3/usca_h_canoe_gen2_eva01_le_built_with_eva/,"gmk white, base, alpha",90,2020-10-16 16:43:51
341,/r/mechmarket/comments/jccd12/usnj_h_ewhite_wk_leaf60_gmk_olive_base_w_paypal/,"gmk olive, base",225,2020-10-16 15:53:47
342,/r/mechmarket/comments/jc7un6/usnyh_gmk_olive_base_space_bars_40s_kit_gmk_jamon/,"gmk olive, base, 40s",380,2020-10-16 11:04:43
343,/r/mechmarket/comments/jc7un6/usnyh_gmk_olive_base_space_bars_40s_kit_gmk_jamon/,"gmk olive, base, spacebars",65,2020-10-16 11:04:43
344,/r/mechmarket/comments/jc7un6/usnyh_gmk_olive_base_space_bars_40s_kit_gmk_jamon/,"gmk jamón, base, numpad",50,2020-10-16 11:04:43
345,/r/mechmarket/comments/jc7un6/usnyh_gmk_olive_base_space_bars_40s_kit_gmk_jamon/,"gmk jamon, base",100,2020-10-16 11:04:43
346,/r/mechmarket/comments/jc7un6/usnyh_gmk_olive_base_space_bars_40s_kit_gmk_jamon/,"gmk peaches, base",250,2020-10-16 11:04:43
347,/r/mechmarket/comments/jc2v8x/uscahgmk_delta_base_spacebar_kit_wpaypal_venmo/,"gmk delta, base",359,2020-10-16 04:02:03
348,/r/mechmarket/comments/jc2v8x/uscahgmk_delta_base_spacebar_kit_wpaypal_venmo/,"gmk delta, spacebars",59,2020-10-16 04:02:03
349,/r/mechmarket/comments/jc1as8/usin_h_uhmwpe_creams_5x_gmk_trays_w_paypal_gmk_wob/,"gmk keycap, base",65,2020-10-16 02:16:29
350,/r/mechmarket/comments/jbzqk8/uspah_built_ewhite_absinthe_deskmats_40x_holy/,"gmk fuyu, base, deskmat",55,2020-10-16 00:31:36
351,/r/mechmarket/comments/jby08o/uscah_nk65_aluminum_whitesilver_gmk_nines/,"gmk nines, base",225,2020-10-15 22:42:43
352,/r/mechmarket/comments/jbv140/usfl_hgmk_olivia_dark_base_novelties_spacebar_gmk/,"gmk dualshot, base",375,2020-10-15 19:58:34
353,/r/mechmarket/comments/jbut3r/usca_h_gmk_olivia_light_base_and_extension/,"gmk olivia++, light base",310,2020-10-15 19:47:14
354,/r/mechmarket/comments/jbut3r/usca_h_gmk_olivia_light_base_and_extension/,"gmk olivia++, extension",65,2020-10-15 19:47:14
355,/r/mechmarket/comments/jbu6ua/usny_h_unbuilt_blue_wkl_polaris_polaris_extras/,"gmk first, base, novelties",80,2020-10-15 19:15:23
356,/r/mechmarket/comments/jbu6ua/usny_h_unbuilt_blue_wkl_polaris_polaris_extras/,"gmk bento, base, novelties",250,2020-10-15 19:15:23
357,/r/mechmarket/comments/jbu60w/ustx_h_teal_aviator_cable_gmk_delta_base_set_w/,"gmk delta, base",350,2020-10-15 19:14:13
358,/r/mechmarket/comments/jbts8k/usinh_gmk_delta_base_w_paypal/,"gmk delta, base",340,2020-10-15 18:54:58
359,/r/mechmarket/comments/jbsspv/my_h_norbatouch_prototype_case_gmk_classic_retro/,"gmk classic, base, novelties",265,2020-10-15 18:04:13
360,/r/mechmarket/comments/jbsspv/my_h_norbatouch_prototype_case_gmk_classic_retro/,"gmk red, base",225,2020-10-15 18:04:13
361,/r/mechmarket/comments/jbpfz3/usnyh_og_cyrillic_doubleshots_8904_gmk_froyo_w/,"gmk froyo, base",245,2020-10-15 15:14:51
362,/r/mechmarket/comments/jbefxk/usnc_h_percent_volt80_wkl_drop_alt_mito_laser_hp/,"gmk bingsu, deskmat",65,2020-10-15 01:47:13
363,/r/mechmarket/comments/jbefxk/usnc_h_percent_volt80_wkl_drop_alt_mito_laser_hp/,"gmk 9009, deskmat",65,2020-10-15 01:47:13
364,/r/mechmarket/comments/jbaqyb/ustx_h_gmk_olivia_base_and_novelties_gmk_apollo/,"gmk olivia++, dark base",260,2020-10-14 22:07:42
365,/r/mechmarket/comments/jbaqyb/ustx_h_gmk_olivia_base_and_novelties_gmk_apollo/,"gmk olivia++, novelties",295,2020-10-14 22:07:42
366,/r/mechmarket/comments/jbaqyb/ustx_h_gmk_olivia_base_and_novelties_gmk_apollo/,"gmk olivia++, novelties",40,2020-10-14 22:07:42
367,/r/mechmarket/comments/jbaqyb/ustx_h_gmk_olivia_base_and_novelties_gmk_apollo/,"gmk deep, deskmat",50,2020-10-14 22:07:42
368,/r/mechmarket/comments/jb9mcb/usor_h_gmk_olivia_light_base_hihihi_kit_spacebar/,"gmk olivia++, light base",320,2020-10-14 21:07:08
369,/r/mechmarket/comments/jb8ukt/uscahdrop_ctrl_high_profile_keyforge/,"gmk cherry, base",230,2020-10-14 20:28:26
370,/r/mechmarket/comments/jb8c17/uspa_h_infinikey_pbt_graen_base_mega_addonaddon/,"gmk grail, base",180,2020-10-14 20:03:25
371,/r/mechmarket/comments/jb8c17/uspa_h_infinikey_pbt_graen_base_mega_addonaddon/,"gmk trade, novelties",100,2020-10-14 20:03:25
372,/r/mechmarket/comments/jb75kn/eufr_h_gmk_metropolis_bundle_gmk_pulse_bnib/,"gmk metropolis, base",540,2020-10-14 19:03:57
373,/r/mechmarket/comments/jb67vs/usma_h_keycaps_and_switches_w_paypal/,"gmk sandstorm, base",180,2020-10-14 18:17:03
374,/r/mechmarket/comments/jb63kj/usfl_h_gmk_olivia_light_base_and_extension_kit/,"gmk olivia++, base",310,2020-10-14 18:10:58
375,/r/mechmarket/comments/jb63kj/usfl_h_gmk_olivia_light_base_and_extension_kit/,"gmk olivia++, extension",65,2020-10-14 18:10:58
376,/r/mechmarket/comments/jax5ru/eudeh_gmk_modern_dolch_base_taihao_yellow_blue/,"gmk modern, base",324,2020-10-14 09:01:51
377,/r/mechmarket/comments/jax5ru/eudeh_gmk_modern_dolch_base_taihao_yellow_blue/,"gmk camping, base, spacebars",42,2020-10-14 09:01:51
378,/r/mechmarket/comments/javvb0/camb_h_xeno_unbuilt_blackout_kit_gmk_night_runner/,"gmk night, base",260,2020-10-14 07:04:44
379,/r/mechmarket/comments/jat37g/uspah_nk65_entry_beige_nk65_aluminum_ewhite_tfv2/,"gmk wob, base",150,2020-10-14 03:35:13
380,/r/mechmarket/comments/jaqq4m/uscah_taichi_tkl_space65_r1_alf_x11_1800mini_ca66/,"gmk metropolis, base",200,2020-10-14 01:07:02
381,/r/mechmarket/comments/jaq120/ustnh_rama_works_m60a_lake_gmk_analog_dreams_base/,"gmk analog, base",280,2020-10-14 00:24:23
382,/r/mechmarket/comments/japnmi/usflh_gmk_hyperfuse_sa_laser_gmk_sky_dolch_w/,"gmk hyperfuse, base",110,2020-10-14 00:01:59
383,/r/mechmarket/comments/japnmi/usflh_gmk_hyperfuse_sa_laser_gmk_sky_dolch_w/,"gmk sky, base",85,2020-10-14 00:01:59
384,/r/mechmarket/comments/jaorpj/usca_h_gmk_dualshot_gmk_camping_novelties_pbt/,"gmk dualshot, base",280,2020-10-13 23:09:45
385,/r/mechmarket/comments/jaorpj/usca_h_gmk_dualshot_gmk_camping_novelties_pbt/,"gmk camping, base, novelties",65,2020-10-13 23:09:45
386,/r/mechmarket/comments/jaofx0/ussc_h_matrix_noah_oblivion_v2_hagoromo_alphas/,"gmk laser, base",70,2020-10-13 22:51:05
387,/r/mechmarket/comments/jao2mv/usma_h_polycarbonate_norbatouch_hex3c_ewhite_hhkb/,"gmk olivia++, dark base",260,2020-10-13 22:30:18
388,/r/mechmarket/comments/jao2mv/usma_h_polycarbonate_norbatouch_hex3c_ewhite_hhkb/,"gmk olivia++, dark base",245,2020-10-13 22:30:18
389,/r/mechmarket/comments/jao071/usnj_h_gmk_umbra_kat_milkshake_mods_fruits_kuro/,"gmk umbra, base",290,2020-10-13 22:26:35
390,/r/mechmarket/comments/jai73f/caon_h_gmk_olivia_dark_core_extension_candybar/,"gmk olivia, base",270,2020-10-13 17:33:26
391,/r/mechmarket/comments/jai73f/caon_h_gmk_olivia_dark_core_extension_candybar/,"gmk olivia, base, extension",85,2020-10-13 17:33:26
392,/r/mechmarket/comments/jaggwm/eufr_h_gmk_vaporwave_base_set_w_paypal/,"gmk vaporwave, base",336,2020-10-13 16:07:15
393,/r/mechmarket/comments/ja849n/usca_h_gmk_olivia_light_navy_wkl_lin_montage_w/,"gmk olivia++, spacebars",350,2020-10-13 06:35:29
394,/r/mechmarket/comments/ja51dr/usca_h_red_scarf_iii_ver_alpha_gmk_olivia_dark/,"gmk olivia++, dark base",250,2020-10-13 02:43:59
395,/r/mechmarket/comments/ja3qw5/ustxh_gmk_camping_r2_burgundy_tofu_buildw_paypal/,"gmk camping, base",160,2020-10-13 01:18:20
396,/r/mechmarket/comments/ja3ei9/usut_h_gmk_dual_shot_lily58_w_paypal_kbd19x/,"gmk dual, base",325,2020-10-13 00:55:56
397,/r/mechmarket/comments/ja2mlh/usca_h_gmk_red_samurai_gmk_9009_w_paypal/,"gmk 9009, base",200,2020-10-13 00:03:49
398,/r/mechmarket/comments/ja07fu/usca_h_gmk_nines_sealed_w_paypal/,"gmk nines., base",260,2020-10-12 21:38:38
399,/r/mechmarket/comments/j9z41j/usco_h_sa_bliss_gmk_bingsu_gmk_analog_dreams_kiwi/,"gmk bingsu, base",250,2020-10-12 20:41:50
400,/r/mechmarket/comments/j9xata/uscah_gmk_sets_built_utd360c_austere_alice_clonew/,"gmk wob, base, alpha",140,2020-10-12 19:09:01
401,/r/mechmarket/comments/j9x3ud/usca_h_mode80_fe_canoe_gen_2_eva_matrix/,"gmk dualshot, base",325,2020-10-12 18:59:17
402,/r/mechmarket/comments/j9w44r/ustn_h_troubled_minds_deep_space_spooders_etf/,"gmk deep, base",210,2020-10-12 18:09:31
403,/r/mechmarket/comments/j9rs0s/eude_h_dsa_honeywell_gmk_burgundy_big_switches/,"gmk or, base",24,2020-10-12 14:23:27
404,/r/mechmarket/comments/j9qycp/usga_h_gmk_cmyw_addon_tofu60dz60_rgb_hotwswap_kit/,"gmk cmyw, base",35,2020-10-12 13:33:18
405,/r/mechmarket/comments/j9nurx/usvah_dark_purple_tofu60_instant_60_pcb_sa/,"gmk crimson, base, spacebars",245,2020-10-12 09:36:15
406,/r/mechmarket/comments/j9l0f5/usca_h_gmk_nautilus_nightmares_gmk_coral_relief/,"gmk nautilus, base",200,2020-10-12 05:24:08
407,/r/mechmarket/comments/j9jcjn/usny_h_gmk_camping_r2_gmk_froyo_w_paypal/,"gmk camping, base",260,2020-10-12 03:21:32
408,/r/mechmarket/comments/j9jcjn/usny_h_gmk_camping_r2_gmk_froyo_w_paypal/,"gmk fro.yo, base",250,2020-10-12 03:21:32
409,/r/mechmarket/comments/j9javx/usny_h_gmk_wob_hiragana_keyforge_lord_of_alchemy/,"gmk wob, base",150,2020-10-12 03:18:09
410,/r/mechmarket/comments/j9h61c/usny_h_rama_bean_escape_c3_machobanana_split/,"gmk olivia, light base, rama",250,2020-10-12 00:50:58
411,/r/mechmarket/comments/j9h5vr/usmah_gmk_mizu_tulia_deskmat_novelkeys_silky/,"gmk mizu, deskmat",60,2020-10-12 00:50:41
412,/r/mechmarket/comments/j9gyhc/ustxh_gmk_ascii_base_gmk_vaporwave_hiragana_lubed/,"gmk ascii, base",265,2020-10-12 00:36:47
413,/r/mechmarket/comments/j9gyhc/ustxh_gmk_ascii_base_gmk_vaporwave_hiragana_lubed/,"gmk vaporwave, base",145,2020-10-12 00:36:47
414,/r/mechmarket/comments/j9goho/uscah_fmj80_space65_r2_dolchcr_kbd67v2_equalz/,"gmk mizu, base, novelties",450,2020-10-12 00:18:25
415,/r/mechmarket/comments/j9goho/uscah_fmj80_space65_r2_dolchcr_kbd67v2_equalz/,"gmk violet, base",280,2020-10-12 00:18:25
416,/r/mechmarket/comments/j9g1fl/usnjh_durock_stabs_in_pinksmoke_all_kinds_of/,"gmk camping, base, novelties, spacebars",135,2020-10-11 23:37:08
417,/r/mechmarket/comments/j9g1fl/usnjh_durock_stabs_in_pinksmoke_all_kinds_of/,"gmk metropolis, base, spacebars",135,2020-10-11 23:37:08
418,/r/mechmarket/comments/j9fvuk/uscah_gmk_olivia_light_base_black_drop_alt_hp/,"gmk oliva++, light base",325,2020-10-11 23:27:13
419,/r/mechmarket/comments/j9fled/cabc_h_gmk_olivia_dark_base_kit_w_paypal_emt_gmk/,"gmk olivia, base",265,2020-10-11 23:08:47
420,/r/mechmarket/comments/j9ecm1/usca_h_rama_m65a_2x_tofu65_acrylic_minivan_mt3/,"gmk paperwork, base",130,2020-10-11 21:53:10
421,/r/mechmarket/comments/j9ebs2/usca_h_gmk_9009_r3_base_w_paypal/,"gmk 9009, base",190,2020-10-11 21:51:49
422,/r/mechmarket/comments/j9b2cn/usma_h_gmk_bow_gmk_nautilus_nightmares_nk_silk/,"gmk white, base, novelties",185,2020-10-11 18:53:10
423,/r/mechmarket/comments/j9b2cn/usma_h_gmk_bow_gmk_nautilus_nightmares_nk_silk/,"gmk nautilus, base",210,2020-10-11 18:53:10
424,/r/mechmarket/comments/j9b0u9/usvah_e85_gmk_sets_tangies_w_paypal/,"gmk pnc, base, spacebars",370,2020-10-11 18:50:43
425,/r/mechmarket/comments/j98jl2/usga_h_blue_aluminum_tofu_60_build_gmk_mizu_base/,"gmk mizu, base",375,2020-10-11 16:34:00
426,/r/mechmarket/comments/j98jl2/usga_h_blue_aluminum_tofu_60_build_gmk_mizu_base/,"gmk mitolet, base",215,2020-10-11 16:34:00
427,/r/mechmarket/comments/j90ivw/usmah_62g_and_68g_springs_gmk_sample_mods_misc/,"gmk sample, mods",30,2020-10-11 06:36:51
428,/r/mechmarket/comments/j8xp0y/usfl_h_gmk_camping_r2_latin_alpha_gmk_dualshot_5/,"gmk camping, base, alpha",315,2020-10-11 02:52:08
429,/r/mechmarket/comments/j8xp0y/usfl_h_gmk_camping_r2_latin_alpha_gmk_dualshot_5/,"gmk dualshot, base",315,2020-10-11 02:52:08
430,/r/mechmarket/comments/j8x6w9/usca_h_gmk_jamon_gmk_mizu_gmk_peaches_and_cream/,"gmk jamon, base, rama, numpad",700,2020-10-11 02:16:38
431,/r/mechmarket/comments/j8x6w9/usca_h_gmk_jamon_gmk_mizu_gmk_peaches_and_cream/,"gmk mizu, base, deskmat, rama",565,2020-10-11 02:16:38
432,/r/mechmarket/comments/j8x6w9/usca_h_gmk_jamon_gmk_mizu_gmk_peaches_and_cream/,"gmk peaches, base, rama",550,2020-10-11 02:16:38
433,/r/mechmarket/comments/j8x6w9/usca_h_gmk_jamon_gmk_mizu_gmk_peaches_and_cream/,"gmk voyage, base, novelties, deskmat, rama",450,2020-10-11 02:16:38
434,/r/mechmarket/comments/j8x6w9/usca_h_gmk_jamon_gmk_mizu_gmk_peaches_and_cream/,"gmk olive, base, rama",350,2020-10-11 02:16:38
435,/r/mechmarket/comments/j8x6w9/usca_h_gmk_jamon_gmk_mizu_gmk_peaches_and_cream/,"gmk striker, base",420,2020-10-11 02:16:38
436,/r/mechmarket/comments/j8x6w9/usca_h_gmk_jamon_gmk_mizu_gmk_peaches_and_cream/,"gmk vaporwave, base",350,2020-10-11 02:16:38
437,/r/mechmarket/comments/j8x6w9/usca_h_gmk_jamon_gmk_mizu_gmk_peaches_and_cream/,"gmk oblivion, base",350,2020-10-11 02:16:38
438,/r/mechmarket/comments/j8wqke/ustx_h_gmk_olivia_light_dark_base_novelties_drop/,"gmk olivia++, light base",320,2020-10-11 01:45:11
439,/r/mechmarket/comments/j8wqke/ustx_h_gmk_olivia_light_dark_base_novelties_drop/,"gmk olivia++, novelties",355,2020-10-11 01:45:11
440,/r/mechmarket/comments/j8uh3h/ustx_h_ducky_one_tkl_gmk_red_samurai_red_pandas/,"gmk oblivion, base",35,2020-10-10 23:14:42
441,/r/mechmarket/comments/j8u3ei/usin_h_nk65_entry_purple_3d_printed_minivan_w_gmk/,"gmk 80s, base",130,2020-10-10 22:50:32
442,/r/mechmarket/comments/j8u24w/usga_h_polycarb_polaris_gothic_70_keysets_etc_w/,"gmk wavez, base",250,2020-10-10 22:48:19
443,/r/mechmarket/comments/j8u24w/usga_h_polycarb_polaris_gothic_70_keysets_etc_w/,"gmk wavez, base",100,2020-10-10 22:48:19
444,/r/mechmarket/comments/j8u24w/usga_h_polycarb_polaris_gothic_70_keysets_etc_w/,"gmk wavez, novelties",90,2020-10-10 22:48:19
445,/r/mechmarket/comments/j8u24w/usga_h_polycarb_polaris_gothic_70_keysets_etc_w/,"gmk wavez, spacebars",50,2020-10-10 22:48:19
446,/r/mechmarket/comments/j8u24w/usga_h_polycarb_polaris_gothic_70_keysets_etc_w/,"gmk handarbeit, base",500,2020-10-10 22:48:19
447,/r/mechmarket/comments/j8smnh/ustx_h_gmk_dots_drop_matt30_mt3_keycap_w_paypal/,"gmk dots, base",300,2020-10-10 21:24:20
448,/r/mechmarket/comments/j8sfhv/usca_h_grey_aluminum_e65_gmk_olivia_light_gmk/,"gmk olivia, base",270,2020-10-10 21:12:54
449,/r/mechmarket/comments/j8sfhv/usca_h_grey_aluminum_e65_gmk_olivia_light_gmk/,"gmk cafe, base",270,2020-10-10 21:12:54
450,/r/mechmarket/comments/j8rzqj/ustx_h_gmk_honeywell_co_w_paypal/,"gmk honeywell, base",180,2020-10-10 20:47:00
451,/r/mechmarket/comments/j8qa0t/euuk_h_gmk_froyo_kiwi_switches_w_paypal/,"gmk fro.yo, base",280,2020-10-10 19:08:02
452,/r/mechmarket/comments/j8q8x2/usnj_h_gmk_dualshot_base_sealed_w_paypal/,"gmk dualshot, base",310,2020-10-10 19:06:17
453,/r/mechmarket/comments/j8pndz/uswi_h_volcano660gmk_oliviakat_milkshake_w_paypal/,"gmk olivia, light base, novelties",325,2020-10-10 18:33:06
454,/r/mechmarket/comments/j8pjbo/usma_h_lin_whale_gmk_triumph_adler_w_paypal/,"gmk triumph, base",150,2020-10-10 18:26:46
455,/r/mechmarket/comments/j8ox7d/ustx_h_gmk_olivia_light_and_dark_gmk_bingsu_w/,"gmk olivia++, light base",315,2020-10-10 17:52:50
456,/r/mechmarket/comments/j8ox7d/ustx_h_gmk_olivia_light_and_dark_gmk_bingsu_w/,"gmk bingsu, base",330,2020-10-10 17:52:50
457,/r/mechmarket/comments/j8n92h/usny_h_gmk_bingsu_gmk_camping_gmk_eclipse_w/,"gmk eclipse, base",250,2020-10-10 16:17:59
458,/r/mechmarket/comments/j8n92h/usny_h_gmk_bingsu_gmk_camping_gmk_eclipse_w/,"gmk camping, base, spacebars, deskmat",400,2020-10-10 16:17:59
459,/r/mechmarket/comments/j8n92h/usny_h_gmk_bingsu_gmk_camping_gmk_eclipse_w/,"gmk bingsu, deskmat",350,2020-10-10 16:17:59
460,/r/mechmarket/comments/j8mzyx/usoh_h_gmk_olivia_light_and_dark_base_sealed_8008/,"gmk olivia++, light base",320,2020-10-10 16:03:26
461,/r/mechmarket/comments/j8d3xw/usca_h_gmk_dualshot_base_novelties_w_paypal/,"gmk dualshot, base, novelties",360,2020-10-10 03:08:34
462,/r/mechmarket/comments/j89wbk/uswa_h_new_sealed_gmk_rudy_spacebar_kit_w_paypal/,"gmk rudy, base, spacebars",350,2020-10-09 23:31:43
463,/r/mechmarket/comments/j893f1/uscah_gmk_oliva_light_base_oliva_extension_kit/,"gmk oliva++, light base",325,2020-10-09 22:44:12
464,/r/mechmarket/comments/j893f1/uscah_gmk_oliva_light_base_oliva_extension_kit/,"gmk oliva++, base, extension",70,2020-10-09 22:44:12
465,/r/mechmarket/comments/j88ngc/eude_h_gmk_vaporwave_base_hiragana_spacebars/,"gmk vaporwave, base, spacebars",450,2020-10-09 22:18:24
466,/r/mechmarket/comments/j85ssx/usinh_percent_volt_kbd75_v2_switch_couture/,"gmk vaporware, base, novelties",100,2020-10-09 19:41:28
467,/r/mechmarket/comments/j83odn/uscah_artisans_df_albert_jak_birbs_noodle_gsk/,"gmk laser, base",90,2020-10-09 17:47:04
468,/r/mechmarket/comments/j82kil/uscah_gmk_metropolis_coiled_aviation_cable_lub/,"gmk metropolis, base",79,2020-10-09 16:49:36
469,/r/mechmarket/comments/j82edx/usca_h_gmk_olivia_dark_gmk_phosphorous_w_paypal/,"gmk olivia++, dark base",260,2020-10-09 16:40:36
470,/r/mechmarket/comments/j82edx/usca_h_gmk_olivia_dark_gmk_phosphorous_w_paypal/,"gmk phosphorous, base",290,2020-10-09 16:40:36
471,/r/mechmarket/comments/j813xt/usny_h_keycult_brass_wrist_rest_gmk_mr_sleeves_w/,"gmk mr, base",275,2020-10-09 15:32:17
472,/r/mechmarket/comments/j7qys2/usca_h_gmk_rudy_gmk_analog_dreams_japanese_alphas/,"gmk rudy, base",300,2020-10-09 02:32:13
473,/r/mechmarket/comments/j7qys2/usca_h_gmk_rudy_gmk_analog_dreams_japanese_alphas/,"gmk analog, base",280,2020-10-09 02:32:13
474,/r/mechmarket/comments/j7qys2/usca_h_gmk_rudy_gmk_analog_dreams_japanese_alphas/,"gmk analog, alpha",130,2020-10-09 02:32:13
475,/r/mechmarket/comments/j7qmjm/usca_h_pc_canoe_deskmats_artisans_w_paypal/,"gmk screw, base",500,2020-10-09 02:09:17
476,/r/mechmarket/comments/j7qf42/ustx_h_gmk_camping_novelties_gmk_dark_olivia/,"gmk camping, base, novelties",280,2020-10-09 01:56:33
477,/r/mechmarket/comments/j7qf42/ustx_h_gmk_camping_novelties_gmk_dark_olivia/,"gmk dark, base, spacebars",280,2020-10-09 01:56:33
478,/r/mechmarket/comments/j7phdx/usnj_h_yampad_kbdfans_pad_leopold_fc660c_custom/,"gmk screw, base",80,2020-10-09 00:56:55
479,/r/mechmarket/comments/j7mdqx/usga_h_nk65_purple_entry_blue_aluminum_tofu_60/,"gmk mitolet, base",150,2020-10-08 21:53:41
480,/r/mechmarket/comments/j7mdqx/usga_h_nk65_purple_entry_blue_aluminum_tofu_60/,"gmk mizu, base",375,2020-10-08 21:53:41
481,/r/mechmarket/comments/j7mdqx/usga_h_nk65_purple_entry_blue_aluminum_tofu_60/,"gmk laser, base, alpha, mods",250,2020-10-08 21:53:41
482,/r/mechmarket/comments/j7mdqx/usga_h_nk65_purple_entry_blue_aluminum_tofu_60/,"gmk mitolet, base",220,2020-10-08 21:53:41
483,/r/mechmarket/comments/j7mbjo/uswi_h_gmk_tokyo_nights_gmk_sky_modo_w_paypal/,"gmk tokyo, base",135,2020-10-08 21:50:15
484,/r/mechmarket/comments/j7mbjo/uswi_h_gmk_tokyo_nights_gmk_sky_modo_w_paypal/,"gmk sky, base",125,2020-10-08 21:50:15
485,/r/mechmarket/comments/j7m3sd/cabc_h_purple_kbd19x_red_kbd19x_gmk_laser_gmk/,"gmk crimson, base",200,2020-10-08 21:38:30
486,/r/mechmarket/comments/j7m3sd/cabc_h_purple_kbd19x_red_kbd19x_gmk_laser_gmk/,"gmk laser, base, alpha, spacebars",300,2020-10-08 21:38:30
487,/r/mechmarket/comments/j7klr6/usvah_gmk_dualshot_8008_wrama_translucent_caps/,"gmk sandstorm, base",210,2020-10-08 20:15:54
488,/r/mechmarket/comments/j7klr6/usvah_gmk_dualshot_8008_wrama_translucent_caps/,"gmk laser, base",315,2020-10-08 20:15:54
489,/r/mechmarket/comments/j7k53n/usny_h_gmk_rudy_base_artisans_w_paypal/,"gmk rudy, base",200,2020-10-08 19:51:56
490,/r/mechmarket/comments/j7gvzx/usny_h_65_keyboard_with_zealios_65g_with_cable/,"gmk screw, base",160,2020-10-08 17:02:35
491,/r/mechmarket/comments/j7gtbl/ustnh_gmk_rudy_base_spacebars_sealed_w_paypal/,"gmk rudy, base, spacebars",350,2020-10-08 16:58:48
492,/r/mechmarket/comments/j7dhda/usin_h_e85_pc_rama_u80_txcp_v2_tx87se_gmk_yuri_w/,"gmk yuri, base",475,2020-10-08 13:56:48
493,/r/mechmarket/comments/j7980p/usnv_h_drop_alt_high_profile_frosted_acrylic_tofu/,"gmk screw, base",170,2020-10-08 08:09:45
494,/r/mechmarket/comments/j755gk/ustn_h_gmk_plum_gmk_olivia_gmk_miami_nights_xda/,"gmk plum, base",130,2020-10-08 02:48:34
495,/r/mechmarket/comments/j755gk/ustn_h_gmk_plum_gmk_olivia_gmk_miami_nights_xda/,"gmk olivia, base",130,2020-10-08 02:48:34
496,/r/mechmarket/comments/j755gk/ustn_h_gmk_plum_gmk_olivia_gmk_miami_nights_xda/,"gmk miami, base",130,2020-10-08 02:48:34
497,/r/mechmarket/comments/j73f4o/usmo_h_fully_built_ortho_40_kbdfans_gray_lubing/,"gmk red, base",70,2020-10-08 01:00:45
498,/r/mechmarket/comments/j72dre/usnj_h_e65_hhkb_pc_top_w_teal_aluminum_bottom/,"gmk bingsu, base",285,2020-10-07 23:56:07
499,/r/mechmarket/comments/j72dre/usnj_h_e65_hhkb_pc_top_w_teal_aluminum_bottom/,"gmk voyage, novelties",75,2020-10-07 23:56:07
500,/r/mechmarket/comments/j72dre/usnj_h_e65_hhkb_pc_top_w_teal_aluminum_bottom/,"gmk froyo, base",220,2020-10-07 23:56:07
501,/r/mechmarket/comments/j72dre/usnj_h_e65_hhkb_pc_top_w_teal_aluminum_bottom/,"gmk penumbra, alpha",50,2020-10-07 23:56:07
502,/r/mechmarket/comments/j71tej/usks_h_gmk_olivia_dark_base_w_paypal/,"gmk olivia, dark base",270,2020-10-07 23:21:40
503,/r/mechmarket/comments/j714et/uswy_h_artisans_keysets_gmk_cf_plate_for_percent/,"gmk first, base",300,2020-10-07 22:40:52
504,/r/mechmarket/comments/j714et/uswy_h_artisans_keysets_gmk_cf_plate_for_percent/,"gmk first, rama",145,2020-10-07 22:40:52
505,/r/mechmarket/comments/j714et/uswy_h_artisans_keysets_gmk_cf_plate_for_percent/,"gmk first, base, rama",420,2020-10-07 22:40:52
506,/r/mechmarket/comments/j6zs9c/usma_h_gmk_olivia_dark_base_gmk_camping_r2_gmk/,"gmk olivia++, dark base",270,2020-10-07 21:25:24
507,/r/mechmarket/comments/j6zs9c/usma_h_gmk_olivia_dark_base_gmk_camping_r2_gmk/,"gmk camping, base, novelties",305,2020-10-07 21:25:24
508,/r/mechmarket/comments/j6zs9c/usma_h_gmk_olivia_dark_base_gmk_camping_r2_gmk/,"gmk camping, base",225,2020-10-07 21:25:24
509,/r/mechmarket/comments/j6zs9c/usma_h_gmk_olivia_dark_base_gmk_camping_r2_gmk/,"gmk camping, novelties",90,2020-10-07 21:25:24
510,/r/mechmarket/comments/j6zs9c/usma_h_gmk_olivia_dark_base_gmk_camping_r2_gmk/,"gmk wasabi, base",260,2020-10-07 21:25:24
511,/r/mechmarket/comments/j6vr6h/uscah_rama_u80a_port_canoe_gen2_homelander_kn210/,"gmk fro.yo, base",250,2020-10-07 17:57:09
512,/r/mechmarket/comments/j6vr6h/uscah_rama_u80a_port_canoe_gen2_homelander_kn210/,"gmk crimson, base",250,2020-10-07 17:57:09
513,/r/mechmarket/comments/j6t6iz/usmdh_pc_wk_key65_pom_wkl_key65_aluminum_wk_key65/,"gmk dualshot, base",260,2020-10-07 15:42:59
514,/r/mechmarket/comments/j6t6iz/usmdh_pc_wk_key65_pom_wkl_key65_aluminum_wk_key65/,"gmk dolch, base",240,2020-10-07 15:42:59
515,/r/mechmarket/comments/j6swjb/usil_h_rama_m60_mist_rama_m10b_deep_navy_gmk/,"gmk olivia++, light base",315,2020-10-07 15:27:50
516,/r/mechmarket/comments/j6sh6v/usca_h_90x_unholy_pandas_old_gmk_trays_zapcable/,"gmk trays, base",45,2020-10-07 15:04:28
517,/r/mechmarket/comments/j6ree3/usnj_hgmk_bingsu_skeletor_wpaypal/,"gmk bingsu, base",325,2020-10-07 14:03:42
518,/r/mechmarket/comments/j6r0yu/usmah_gmk_cafe_base_kit_spacebar_kit_lightly_used/,"gmk cafe, base, spacebars",270,2020-10-07 13:41:26
519,/r/mechmarket/comments/j6r0yu/usmah_gmk_cafe_base_kit_spacebar_kit_lightly_used/,"gmk cafe, base",325,2020-10-07 13:41:26
520,/r/mechmarket/comments/j6qve4/usnj_h_mt3_serika_bundle_gmk_olivia_light_base/,"gmk olivia++, light base",320,2020-10-07 13:31:56
521,/r/mechmarket/comments/j6ps93/usny_h_gmk_dualshot_gmk_rudy_drop_holy_panda_w/,"gmk dualshot, base",320,2020-10-07 12:19:54
522,/r/mechmarket/comments/j6ps93/usny_h_gmk_dualshot_gmk_rudy_drop_holy_panda_w/,"gmk rudy, base",300,2020-10-07 12:19:54
523,/r/mechmarket/comments/j6hkbn/usnj_h_satisfaction75_built_with_v2_tealios_gmk/,"gmk dots, base",250,2020-10-07 01:04:17
524,/r/mechmarket/comments/j6h1hz/usny_h_gmk_dualshot_sealed_gmk_oliva_light_gmk/,"gmk dualshot, base",300,2020-10-07 00:30:46
525,/r/mechmarket/comments/j6h1hz/usny_h_gmk_dualshot_sealed_gmk_oliva_light_gmk/,"gmk olivia++, light base",250,2020-10-07 00:30:46
526,/r/mechmarket/comments/j6h1hz/usny_h_gmk_dualshot_sealed_gmk_oliva_light_gmk/,"gmk modern, base",280,2020-10-07 00:30:46
527,/r/mechmarket/comments/j6h1hz/usny_h_gmk_dualshot_sealed_gmk_oliva_light_gmk/,"gmk dmg, base",300,2020-10-07 00:30:46
528,/r/mechmarket/comments/j6fw20/usnc_h_percent_volt80_wkl_drop_alt_mito_laser_hp/,"gmk fro.yo., base",260,2020-10-06 23:17:29
529,/r/mechmarket/comments/j6feun/usca_h_gmk_9009_r3_base_kit_w_paypal_cash/,"gmk 9009, base",210,2020-10-06 22:48:37
530,/r/mechmarket/comments/j6ag62/uscah_artisans_gmk_olivia_darklightspacebars_w/,"gmk olivia++, light base",330,2020-10-06 18:23:28
531,/r/mechmarket/comments/j6ag62/uscah_artisans_gmk_olivia_darklightspacebars_w/,"gmk olivia++, spacebars",60,2020-10-06 18:23:28
532,/r/mechmarket/comments/j68k8z/eude_h_dimple_gmk_oblivion_v2_sets_sa_oblivion/,"gmk oblivion, rama",120,2020-10-06 16:47:06
533,/r/mechmarket/comments/j68k8z/eude_h_dimple_gmk_oblivion_v2_sets_sa_oblivion/,"gmk oblivion, alpha",132,2020-10-06 16:47:06
534,/r/mechmarket/comments/j68k8z/eude_h_dimple_gmk_oblivion_v2_sets_sa_oblivion/,"gmk oblivoon, base",42,2020-10-06 16:47:06
535,/r/mechmarket/comments/j5zq0a/au_h_gmk_ascii_gmk_crimson_cadet_w_paypal/,"gmk ascii, base",260,2020-10-06 05:47:28
536,/r/mechmarket/comments/j5zq0a/au_h_gmk_ascii_gmk_crimson_cadet_w_paypal/,"gmk crimson, base",280,2020-10-06 05:47:28
537,/r/mechmarket/comments/j5zmrj/ustx_h_rama_m60a_seq2_haze_gmk_laser_cyberdeck_v1/,"gmk mitolet, rama",200,2020-10-06 05:39:48
538,/r/mechmarket/comments/j5zmrj/ustx_h_rama_m60a_seq2_haze_gmk_laser_cyberdeck_v1/,"gmk laser, base, novelties",250,2020-10-06 05:39:48
539,/r/mechmarket/comments/j5zmrj/ustx_h_rama_m60a_seq2_haze_gmk_laser_cyberdeck_v1/,"gmk laser, base",65,2020-10-06 05:39:48
540,/r/mechmarket/comments/j5ted3/usca_h_gmk_camping_r2_zaumbumon_deskmat_milkshake/,"gmk camping, base",240,2020-10-05 22:29:58
541,/r/mechmarket/comments/j5swzd/uscahgmk_camping_r2_discipad_build_nk_yellow_mx/,"gmk camping, base, novelties",325,2020-10-05 22:01:45
542,/r/mechmarket/comments/j5qiyr/usvah_gmk_sets_w_paypal/,"gmk 8008, base",350,2020-10-05 19:53:10
543,/r/mechmarket/comments/j5qioe/brh_gmk_mizu_base_spacebars_gmk_9009_base_dsa/,"gmk mizu, base, spacebars",450,2020-10-05 19:52:44
544,/r/mechmarket/comments/j5q8s7/usor_h_gmk_olivia_light_base_at_epson_board_rare/,"gmk olvia, base",315,2020-10-05 19:37:48
545,/r/mechmarket/comments/j5denq/usca_h_gmk_minimal_x_latrialum_cataclysm_glacier/,"gmk minimal, base",100,2020-10-05 04:49:53
546,/r/mechmarket/comments/j5b5eu/usilh_kbd75v2_with_drop_holy_pandas_gmk_honeywell/,"gmk honeywell, base",200,2020-10-05 02:01:31
547,/r/mechmarket/comments/j595q9/uscah_rama_u80a_port_canoe_gen2_homelander_kn210/,"gmk space, base",60,2020-10-04 23:46:08
548,/r/mechmarket/comments/j58sr3/uscahgmk_froyo_base_bnib_levinson_split_build/,"gmk fro.yo, base",260,2020-10-04 23:22:11
549,/r/mechmarket/comments/j580y1/cabc_h_rose_gold_black_kbd67_volt80_gmk_rudy/,"gmk rudy, base",305,2020-10-04 22:33:11
550,/r/mechmarket/comments/j580y1/cabc_h_rose_gold_black_kbd67_volt80_gmk_rudy/,"gmk honeywell, base",160,2020-10-04 22:33:11
551,/r/mechmarket/comments/j56s7w/ustn_h_ewhite_nk65_v2_gmk_analog_dreams_base/,"gmk analog, base, novelties",235,2020-10-04 21:17:28
552,/r/mechmarket/comments/j56s7w/ustn_h_ewhite_nk65_v2_gmk_analog_dreams_base/,"gmk analog, base",65,2020-10-04 21:17:28
553,/r/mechmarket/comments/j56s7w/ustn_h_ewhite_nk65_v2_gmk_analog_dreams_base/,"gmk analog, novelties",265,2020-10-04 21:17:28
554,/r/mechmarket/comments/j56ksq/uscahgmk_olivia_dark_base_w_paypal/,"gmk olivia++, dark base",274,2020-10-04 21:05:09
555,/r/mechmarket/comments/j53xsl/uspa_h_rare_white_salamander_tkl_gmk_sets_9009/,"gmk oblivion, base, alpha",360,2020-10-04 18:35:07
556,/r/mechmarket/comments/j53xsl/uspa_h_rare_white_salamander_tkl_gmk_sets_9009/,"gmk 9009, base, deskmat",250,2020-10-04 18:35:07
557,/r/mechmarket/comments/j53x2p/ustxh_gmk_carbon_r2_gmk_honeywell_co_w_paypal/,"gmk carbon, base, novelties",250,2020-10-04 18:33:54
558,/r/mechmarket/comments/j53x2p/ustxh_gmk_carbon_r2_gmk_honeywell_co_w_paypal/,"gmk honeywell, base",175,2020-10-04 18:33:54
559,/r/mechmarket/comments/j51l53/usny_h_gmk_camping_r2_gmk_froyo_w_paypal/,"gmk camping, base",280,2020-10-04 16:18:46
560,/r/mechmarket/comments/j51l53/usny_h_gmk_camping_r2_gmk_froyo_w_paypal/,"gmk fro.yo, base",250,2020-10-04 16:18:46
561,/r/mechmarket/comments/j515rp/eufr_h_gmk_mizu_bundle_gmk_jamon_bundle_gmk/,"gmk mizu, base, novelties, spacebars, rama",720,2020-10-04 15:53:46
562,/r/mechmarket/comments/j515rp/eufr_h_gmk_mizu_bundle_gmk_jamon_bundle_gmk/,"gmk jamon, base",288,2020-10-04 15:53:46
563,/r/mechmarket/comments/j515rp/eufr_h_gmk_mizu_bundle_gmk_jamon_bundle_gmk/,"gmk oblivion, base",288,2020-10-04 15:53:46
564,/r/mechmarket/comments/j4zr6a/usor_h_gmk_denim_gmk_wob_with_white_accents_w/,"gmk denim, base",160,2020-10-04 14:26:29
565,/r/mechmarket/comments/j4zr6a/usor_h_gmk_denim_gmk_wob_with_white_accents_w/,"gmk wob, base, accent",130,2020-10-04 14:26:29
566,/r/mechmarket/comments/j4uswg/usca_h_gmk_9009_keycap_set_w_paypaltrades/,"gmk 9009, base",190,2020-10-04 07:07:54
567,/r/mechmarket/comments/j4top6/uscah_gmk_bento_sa_mitospeed_godspeed_laser/,"gmk bento, base",350,2020-10-04 05:22:27
568,/r/mechmarket/comments/j4sb2n/usny_h_gmk_olivia_dark_base_drop_holy_panda_soho/,"gmk olivia++, dark base",280,2020-10-04 03:28:02
569,/r/mechmarket/comments/j4rljx/usga_h_tofu_60_builds_gmk_olivia_dark_base/,"gmk olivia++, dark base, novelties",330,2020-10-04 02:33:50
570,/r/mechmarket/comments/j4rljx/usga_h_tofu_60_builds_gmk_olivia_dark_base/,"gmk eclipse, 40s",60,2020-10-04 02:33:50
571,/r/mechmarket/comments/j4r97k/au_h_gmk_ascii_gmk_crimson_cadet_gmk_rudy_w_paypal/,"gmk ascii, base",275,2020-10-04 02:07:59
572,/r/mechmarket/comments/j4r97k/au_h_gmk_ascii_gmk_crimson_cadet_gmk_rudy_w_paypal/,"gmk crimson, base",300,2020-10-04 02:07:59
573,/r/mechmarket/comments/j4r97k/au_h_gmk_ascii_gmk_crimson_cadet_gmk_rudy_w_paypal/,"gmk rudy, base, spacebars",290,2020-10-04 02:07:59
574,/r/mechmarket/comments/j4r97k/au_h_gmk_ascii_gmk_crimson_cadet_gmk_rudy_w_paypal/,"gmk rudy, base, spacebars",290,2020-10-04 02:07:59
575,/r/mechmarket/comments/j4qw11/usfl_h_rama_artisans_bleached_9009_8008_kuroshiro/,"gmk bleached, rama",125,2020-10-04 01:41:13
576,/r/mechmarket/comments/j4qw11/usfl_h_rama_artisans_bleached_9009_8008_kuroshiro/,"gmk dots, rama",125,2020-10-04 01:41:13
577,/r/mechmarket/comments/j4qw11/usfl_h_rama_artisans_bleached_9009_8008_kuroshiro/,"gmk 8008, base, rama",150,2020-10-04 01:41:13
578,/r/mechmarket/comments/j4qw11/usfl_h_rama_artisans_bleached_9009_8008_kuroshiro/,"gmk 9009, base, rama",145,2020-10-04 01:41:13
579,/r/mechmarket/comments/j4ps2v/usva_h_switch_couture_malice_matte_black_alice/,"gmk mitolet, base",10,2020-10-04 00:21:33
580,/r/mechmarket/comments/j4ps2v/usva_h_switch_couture_malice_matte_black_alice/,"gmk mitolet, base",160,2020-10-04 00:21:33
581,/r/mechmarket/comments/j4p32m/usar_h_drop_xda_canvas_w_paypal/,"gmk plum, base",100,2020-10-03 23:33:46
582,/r/mechmarket/comments/j4otko/uscah_gmk_olivia_light_base_novelties_hihihi_gmk/,"gmk exent, base",150,2020-10-03 23:16:06
583,/r/mechmarket/comments/j4jzzl/usva_h_black_regular_polaris_gmk_dots_w_paypal/,"gmk dots, base",300,2020-10-03 18:21:14
584,/r/mechmarket/comments/j4i866/usca_h_gmk_olivia_light_base_and_90x_nk_creams/,"gmk olivia++, light base",330,2020-10-03 16:40:55
585,/r/mechmarket/comments/j4i1os/usmi_h_gmk_red_samurai_tkl_zeal_healio_switches/,"gmk red, base, novelties",90,2020-10-03 16:31:14
586,/r/mechmarket/comments/j4by4l/cabc_h_rama_moon_u80a_rama_internal_dampener_rama/,"gmk olivia++, light base",300,2020-10-03 07:56:28
587,/r/mechmarket/comments/j4by4l/cabc_h_rama_moon_u80a_rama_internal_dampener_rama/,"gmk olivia++, dark base",315,2020-10-03 07:56:28
588,/r/mechmarket/comments/j4by4l/cabc_h_rama_moon_u80a_rama_internal_dampener_rama/,"gmk 8008, base",315,2020-10-03 07:56:28
589,/r/mechmarket/comments/j4aney/usil_h_gmk_olivia_light_dark_spacebars_w_paypal/,"gmk olivia, base",330,2020-10-03 05:52:29
590,/r/mechmarket/comments/j4aney/usil_h_gmk_olivia_light_dark_spacebars_w_paypal/,"gmk olivia, base",260,2020-10-03 05:52:29
591,/r/mechmarket/comments/j4aney/usil_h_gmk_olivia_light_dark_spacebars_w_paypal/,"gmk olivia, spacebars",60,2020-10-03 05:52:29
592,/r/mechmarket/comments/j4aney/usil_h_gmk_olivia_light_dark_spacebars_w_paypal/,"gmk light, base, spacebars",630,2020-10-03 05:52:29
593,/r/mechmarket/comments/j4aems/ustxh_gmk_olivia_dark_base_nk65_entry_purple_w/,"gmk olivia++, dark base",270,2020-10-03 05:30:43
594,/r/mechmarket/comments/j4aaeh/usma_h_polycarbonate_norbatouch_leaf60_ewhite/,"gmk nautilus, base",210,2020-10-03 05:21:20
595,/r/mechmarket/comments/j48a8n/cabch_kbdpad_mkii_rosegold_built_with_holy_pandas/,"gmk wob, base",175,2020-10-03 02:54:54
596,/r/mechmarket/comments/j48a8n/cabch_kbdpad_mkii_rosegold_built_with_holy_pandas/,"gmk eclipse, base",150,2020-10-03 02:54:54
597,/r/mechmarket/comments/j48a8n/cabch_kbdpad_mkii_rosegold_built_with_holy_pandas/,"gmk eclipse, base",150,2020-10-03 02:54:54
598,/r/mechmarket/comments/j45z8a/usca_h_rama_m65a_tofu65_2x_klippe_t_drop_alt/,"gmk or, base, spacebars",125,2020-10-03 00:11:08
599,/r/mechmarket/comments/j45z8a/usca_h_rama_m65a_tofu65_2x_klippe_t_drop_alt/,"gmk wob., base, rama",250,2020-10-03 00:11:08
600,/r/mechmarket/comments/j45z8a/usca_h_rama_m65a_tofu65_2x_klippe_t_drop_alt/,"gmk wob, base",90,2020-10-03 00:11:08
601,/r/mechmarket/comments/j44urt/uscahgmk_olivia_light_base_lubed_everglide_moyu/,"gmk olivia++, light base",330,2020-10-02 22:57:21
602,/r/mechmarket/comments/j43vas/usla_h_custom_prime_e_build_kuro_shiro_base_jp/,"gmk umbra, base, rama",100,2020-10-02 21:55:31
603,/r/mechmarket/comments/j43vas/usla_h_custom_prime_e_build_kuro_shiro_base_jp/,"gmk wavez, base, rama",150,2020-10-02 21:55:31
604,/r/mechmarket/comments/j41x3i/usca_h_gmk_cafe_rama_gmk_froyo_extras_w_paypal/,"gmk cafe, base",300,2020-10-02 20:05:54
605,/r/mechmarket/comments/j41x3i/usca_h_gmk_cafe_rama_gmk_froyo_extras_w_paypal/,"gmk cafe, rama",200,2020-10-02 20:05:54
606,/r/mechmarket/comments/j41oq6/usnyh_gmk_olivia_light_novelties_hihihi_spacebar/,"gmk fro.yo, base, spacebars, numpad",370,2020-10-02 19:53:50
607,/r/mechmarket/comments/j41oq6/usnyh_gmk_olivia_light_novelties_hihihi_spacebar/,"gmk olivia++, base, novelties, spacebars",475,2020-10-02 19:53:50
608,/r/mechmarket/comments/j41oq6/usnyh_gmk_olivia_light_novelties_hihihi_spacebar/,"gmk bingsu, deskmat",70,2020-10-02 19:53:50
609,/r/mechmarket/comments/j3ybp4/usdc_h_big_closet_sale_pc_e65_gmk_olivia_kits_and/,"gmk olivia++, dark base",270,2020-10-02 16:58:28
610,/r/mechmarket/comments/j3ybp4/usdc_h_big_closet_sale_pc_e65_gmk_olivia_kits_and/,"gmk olivia++, rama",220,2020-10-02 16:58:28
611,/r/mechmarket/comments/j3ybp4/usdc_h_big_closet_sale_pc_e65_gmk_olivia_kits_and/,"gmk olivia++, spacebars",60,2020-10-02 16:58:28
612,/r/mechmarket/comments/j3ybp4/usdc_h_big_closet_sale_pc_e65_gmk_olivia_kits_and/,"gmk olivia++, extension",65,2020-10-02 16:58:28
613,/r/mechmarket/comments/j3ybp4/usdc_h_big_closet_sale_pc_e65_gmk_olivia_kits_and/,"gmk olivia++, base",575,2020-10-02 16:58:28
614,/r/mechmarket/comments/j3ybp4/usdc_h_big_closet_sale_pc_e65_gmk_olivia_kits_and/,"gmk bingsu, spacebars",40,2020-10-02 16:58:28
615,/r/mechmarket/comments/j3ybp4/usdc_h_big_closet_sale_pc_e65_gmk_olivia_kits_and/,"gmk bingsu, 40s",60,2020-10-02 16:58:28
616,/r/mechmarket/comments/j3wp5v/usvah_norbauer_hyperfuse_bundle_gmk_hydro_artisan/,"gmk hydro, base, novelties, alpha",185,2020-10-02 15:34:03
617,/r/mechmarket/comments/j3uo2b/hk_hgmk9009_w_paypal/,"gmk 9009, base, spacebars",230,2020-10-02 13:41:42
618,/r/mechmarket/comments/j3ph57/eude_h_gmk_olivia_light_base_deskmat_w_paypal/,"gmk olivia++, light base, deskmat",360,2020-10-02 06:17:13
619,/r/mechmarket/comments/j3p0ho/usca_h_monstargear_xo_polycarbonate_cafe_esc_bean/,"gmk olivia++, light base",340,2020-10-02 05:39:15
620,/r/mechmarket/comments/j3p0ho/usca_h_monstargear_xo_polycarbonate_cafe_esc_bean/,"gmk olivia++, dark base",260,2020-10-02 05:39:15
621,/r/mechmarket/comments/j3p0ho/usca_h_monstargear_xo_polycarbonate_cafe_esc_bean/,"gmk cafe, rama",200,2020-10-02 05:39:15
622,/r/mechmarket/comments/j3p0ho/usca_h_monstargear_xo_polycarbonate_cafe_esc_bean/,"gmk cafe, rama",160,2020-10-02 05:39:15
623,/r/mechmarket/comments/j3nn6d/ustx_h_np_pbt_japanese_epbt_black_japanese_w/,"gmk dmg, base",235,2020-10-02 03:55:39
624,/r/mechmarket/comments/j3lfls/usca_h_gmk_shark_bait_w_paypal/,"gmk shark, base, novelties",300,2020-10-02 01:19:34
625,/r/mechmarket/comments/j3ldw2/ustx_h_gmk_oblivion_v2_assembly_epbt_bow/,"gmk oblivion, base",210,2020-10-02 01:16:12
626,/r/mechmarket/comments/j3igvi/usnj_h_h1s_tangerines_v2_gmk_9009_holy_pandas/,"gmk 9009, base, spacebars",215,2020-10-01 22:09:35
627,/r/mechmarket/comments/j3hoow/usin_h_blackbrass_keycult_165_2x_gmk_cafe_base/,"gmk mizu, base",290,2020-10-01 21:26:07
628,/r/mechmarket/comments/j3hoow/usin_h_blackbrass_keycult_165_2x_gmk_cafe_base/,"gmk cafe, base",290,2020-10-01 21:26:07
629,/r/mechmarket/comments/j3hoow/usin_h_blackbrass_keycult_165_2x_gmk_cafe_base/,"gmk cafe, base, spacebars, rama",200,2020-10-01 21:26:07
630,/r/mechmarket/comments/j3hh3c/usny_h_gmk_froyo_gmk_olivia_dark_base_drop_holy/,"gmk fro.yo, base",250,2020-10-01 21:14:25
631,/r/mechmarket/comments/j3hc9b/usca_h_gmk_dmg_sa_bliss_sa_laser_mechmini_rgb/,"gmk dmg, base, spacebars",300,2020-10-01 21:07:17
632,/r/mechmarket/comments/j3dhl4/usmi_h_gmk_metropolis_base_domikey_hhkb_ec/,"gmk metropolis, base",250,2020-10-01 17:48:08
633,/r/mechmarket/comments/j3bnm2/euukh_doro67_gmk_metropolis_gmk_calm_depths/,"gmk metropolis, base",240,2020-10-01 16:15:55
634,/r/mechmarket/comments/j3bnm2/euukh_doro67_gmk_metropolis_gmk_calm_depths/,"gmk calm, base",180,2020-10-01 16:15:55
635,/r/mechmarket/comments/j391q7/usny_h_gmk_jamon_base_jamonelties_pata_negra/,"gmk plum, base",130,2020-10-01 13:57:52
