date,Unnamed: 0,link,product,sets,price,category,rolling_mean,rolling_sd,z_score
2020-09-04 16:41:02,511,/r/mechmarket/comments/imjdmj/usma_h_space65_mark1_r1_w_lubed_and_filmed/,gmk 8008,['base'],725,base,293.2692307692308,93.51672082524331,4.616615781872353
2020-08-04 23:53:16,441,/r/mechmarket/comments/i3upwv/usny_h_gmk_nines_sealed_gmk_camping_sealed_w/,gmk 9009,['base'],55,base,216.93617021276594,51.78945849399118,3.126817211876321
2020-09-23 15:34:52,166,/r/mechmarket/comments/iycexv/usfl_h_noxary_pink_pc_2682_gmk_dualshot_gmk_9009/,gmk 9009,['base'],30,base,206.27397260273972,52.24947109619937,3.3736986978909704
2020-05-06 21:07:26,328,/r/mechmarket/comments/gesm9i/ustx_h_gmk_bento_spacebars_rama_salmon_bento/,gmk bento,['base'],60,base,304.04761904761904,72.24297626100144,3.378150121693727
2021-03-13 03:24:35,183,/r/mechmarket/comments/m3y2d5/cnh_kbd_d60_ewhite_kbd8x_mkii_black_space65/,gmk bleached,['base'],100,base,209.91666666666666,29.682254494631263,3.703110445554184
2020-09-10 13:38:15,428,/r/mechmarket/comments/iq3fzy/usvah_gmk_cafe_bundle_w_paypal/,gmk cafe,['base'],550,base,323.5925925925926,70.63626180285506,3.2052574928059996
2020-10-24 19:26:32,190,/r/mechmarket/comments/jhezi8/usny_h_rama_u80a_lake_hotswap_built_kbd67_mk2_w/,gmk cafe,['base'],700,base,329.15384615384613,85.25612756540957,4.349788859007654
2020-12-26 17:07:17,110,/r/mechmarket/comments/kkluic/usnjh_ifk_cafe_base_kat_eternal_desoldered_drop/,gmk cafe,['base'],70,base,296.5970149253731,68.75605972225337,3.295666096060962
2020-09-15 18:06:16,321,/r/mechmarket/comments/ite422/euuk_h_olkb_planck_ibm_model_m_mt3_godspeed_yotd/,gmk camping,['base'],70,base,242.16666666666666,41.97050140879604,4.102087439693645
2020-11-10 01:44:00,470,/r/mechmarket/comments/jrbj55/caon_h_gmk_camping_r2_bundle_gmk_striker_bundle/,gmk camping,['base'],480,base,243.07692307692307,53.68788190986505,4.41297120495161
2020-12-29 19:00:38,55,/r/mechmarket/comments/kmkhga/usny_h_gmk_darling_basenovspace_rama_x_helix_set/,gmk darling,['base'],825,base,344.74074074074076,114.62433376791287,4.1898543134101915
2020-12-16 04:48:47,273,/r/mechmarket/comments/ke2kly/usca_h_gmk_dmg_r2_basespacebarspocket_40_w_paypal/,gmk dmg,['base'],55,base,257.5,51.28609127136456,3.9484389428029054
2020-12-09 17:46:39,422,/r/mechmarket/comments/k9wlbf/usca_h_artisans_tinymakesthings_keyforge_rama_etc/,gmk dots,['base'],135,base,303.125,53.78584076377967,3.1258226628525314
2020-12-24 00:53:39,140,/r/mechmarket/comments/kj5d3z/usca_h_ewhite_vega_navy_maja_gmk_coral_spacebars/,gmk firefly,['base'],1000,base,315.84615384615387,215.83784274073525,3.169758544036473
2020-03-04 17:21:53,257,/r/mechmarket/comments/fdgavq/uscah_tgr_x_singa_unikorn_gmk_pulse_arabic_micons/,gmk hyperfuse,['base'],750,base,216.3846153846154,170.34941466563095,3.1324755982448638
2020-02-11 01:09:58,133,/r/mechmarket/comments/f20hzm/usaz_h_sa_pulse_imperial_hue_kf_lambda_mulder_etc/,gmk laser,['base'],500,base,155.66666666666666,105.5236376137503,3.2630919585401488
2021-01-13 03:19:20,330,/r/mechmarket/comments/kw7rwq/uscah_mira_wkl_ca66_j80_space65_eva_fr4_kbd75v2/,gmk metaverse,['base'],60,base,265.0,61.16522856317293,3.3515774373060836
2020-02-10 14:53:44,142,/r/mechmarket/comments/f1rdfo/usflhquantum_volcano_metro_wpaypal_possible_trades/,gmk metropolis,['base'],875,base,217.0,192.74149971992466,3.413898931761706
2020-07-07 12:04:49,325,/r/mechmarket/comments/hmta6v/eude_hkbdpad_mkii_zealios_v2_stellar_amagmk/,gmk minimal,['base'],78,base,243.9,51.651565421837084,3.2119065249058516
2020-05-17 00:00:05,194,/r/mechmarket/comments/gl58cb/usca_h_gmk_mizu_all_kits_w_paypal/,gmk mizu,['base'],500,base,256.4583333333333,68.15071479842474,3.5735746482925514
2020-03-24 02:43:24,97,/r/mechmarket/comments/fnxfiu/uscah_gmk_switches_artisans_desk_mat_w_paypal/,gmk nines,['base'],75,base,181.8421052631579,30.92151922007056,3.4552670100959575
2020-02-03 17:51:40,191,/r/mechmarket/comments/eyauuo/uscahgmk_oblivion_v2_bundle_cysm_monochromeby/,gmk oblivion,['base'],460,base,220.36666666666667,78.64958659309258,3.0468479710277228
2020-07-02 07:16:48,375,/r/mechmarket/comments/hjsg0x/au_h_gmk_oblivion_v2_git_base_regular_base_2x_gmk/,gmk oblivion,['base'],470,base,218.2888888888889,67.21526552199224,3.7448503573753418
2020-07-13 01:05:16,261,/r/mechmarket/comments/hq5we9/usca_h_duck_eagle_v1_duck_lightsaver_v2_duck/,gmk oblivion,['base'],500,base,225.93023255813952,80.03909620537455,3.4241986783386107
2020-10-02 16:58:28,574,/r/mechmarket/comments/j3ybp4/usdc_h_big_closet_sale_pc_e65_gmk_olivia_kits_and/,gmk olivia,['base'],575,base,296.2647058823529,78.269266885018,3.561235529740237
2020-10-24 18:25:53,191,/r/mechmarket/comments/jhdw4a/eues_h_gmk_olivia_light_base_w_paypal/,gmk olivia,['light base'],18,base,291.73873873873873,70.47213655851532,3.8843541874375345
2020-11-07 01:15:08,512,/r/mechmarket/comments/jphoc9/uscahkepler_tkl_blackblack_pvd_brass_space65_r2/,gmk olivia,['base'],2800,base,308.05384615384617,231.6671065147281,10.756581680221098
2021-02-28 02:32:00,3,/r/mechmarket/comments/lu3ax3/usil_h_bnib_voice65_black_hotswap_ewhite_tofu_60/,gmk olivia,['base'],55,base,279.07246376811594,64.37032537923639,3.480990074976285
2021-03-10 01:11:11,240,/r/mechmarket/comments/m1lkc7/usco_h_gmk_olivia_light_set_novelties_spacebars/,gmk olivia,['base'],60,base,277.135593220339,65.8761789470155,3.296116998452234
2021-04-02 17:53:03,499,/r/mechmarket/comments/miplf3/ustxh_gmk_bleached_base_sealed_gmk_9009_aesthetic/,gmk olivia,['base'],70,base,281.60869565217394,70.33522217396344,3.0085736436403385
2021-04-15 01:40:36,337,/r/mechmarket/comments/mr4xge/ustx_h_gmk_olivia_bundle_keycult_rama_w_paypal/,gmk olivia,['base'],1000,base,310.2093023255814,133.66795358711914,5.16047922604607
2020-04-22 04:33:17,93,/r/mechmarket/comments/g5uorm/au_h_gmk_pulse_gmk_vaporwave_gmk_olive_gmk_voyage/,gmk pulse,['base'],285,base,152.14285714285714,40.35998725753728,3.2918033895645404
2020-07-17 02:54:01,200,/r/mechmarket/comments/hsnyec/uswah_ewhite_singa_v3_gmk_red_samurai_r1_pbt/,gmk red,['base'],235,base,107.58620689655173,38.37364910733416,3.3203460204439175
2021-04-09 18:17:16,360,/r/mechmarket/comments/mnn9xz/usma_h_drop_ctrl_low_profile_assembled_gmk_taro/,gmk red,['base'],225,base,95.3913043478261,37.90986814494082,3.418864321992387
2020-05-08 07:01:01,305,/r/mechmarket/comments/gfo7fm/cabch_duck_octagon_v3_built_with_creams_gmk_sets/,gmk striker,['base'],900,base,287.1875,176.73868422051805,3.4673365522818407
2021-01-13 23:33:48,319,/r/mechmarket/comments/kwszs5/usflhgmk_taro_gmk_metaverse_and_gmk_ursawpaypal/,gmk taro,['base'],80,base,264.2,58.35607576720155,3.156483666496433
2021-02-18 17:39:07,233,/r/mechmarket/comments/lmscjk/usca_h_gmk_taro_r2_boba_alphas_sealed_kfe_ce_wkl/,gmk taro,['base'],5,base,275.7435897435897,67.3637876907006,4.019126581579752
2020-04-10 18:08:54,209,/r/mechmarket/comments/fyl4fg/ustnh_txcp_octagon_v3_gmk_oblivion_mono_gmk/,gmk wob,['base'],550,base,156.0,122.07647876092537,3.227484966793724
2020-06-07 23:49:58,252,/r/mechmarket/comments/gynosw/usfl_h_singa_wkl_r1_violet_wbrass_plate_635g/,gmk wob,['base'],570,base,169.2608695652174,126.39987679485667,3.170407603206533
2021-03-27 19:40:32,66,/r/mechmarket/comments/mekzlq/usri_h_gmk_wob_hiragana_and_gmk_sandstorm_90/,gmk wob,['base'],275,base,134.58333333333334,44.16069141970795,3.1796754568929093
