,Index,_1,link,product,sets,price,category,RollingMean,RollingSD
2020-06-15 22:50:49,187,187,/r/mechmarket/comments/h9qtbk/usca_h_coiled_aviator_cable_100_vintage_browns/,gmk 8008,['base'],440,base,299.6585365853659,44.11610236415803
2020-06-18 17:27:15,157,157,/r/mechmarket/comments/hbj2hr/uscahe65_polycarb_bundle_gmk_8008_bundle_80x_gat/,gmk 8008,['base'],450,base,303.74418604651163,48.20002619207726
2020-09-04 16:41:02,478,478,/r/mechmarket/comments/imjdmj/usma_h_space65_mark1_r1_w_lubed_and_filmed/,gmk 8008,['base'],725,base,314.38461538461536,90.81104643074065
2021-01-19 13:56:22,191,191,/r/mechmarket/comments/l0ka1m/eudk_h_gmk_9009_r3_base_norde_obscure_addition/,gmk 9009,['base'],350,base,201.1,44.885702799326545
2020-09-10 13:38:15,400,400,/r/mechmarket/comments/iq3fzy/usvah_gmk_cafe_bundle_w_paypal/,gmk cafe,['base'],550,base,324.88,73.18772665777598
2020-10-24 19:26:32,177,177,/r/mechmarket/comments/jhezi8/usny_h_rama_u80a_lake_hotswap_built_kbd67_mk2_w/,gmk cafe,['base'],700,base,348.77777777777777,110.68426507840995
2020-11-10 01:44:00,436,436,/r/mechmarket/comments/jrbj55/caon_h_gmk_camping_r2_bundle_gmk_striker_bundle/,gmk camping,['base'],480,base,252.72727272727272,58.93352333909937
2020-12-29 19:00:38,49,49,/r/mechmarket/comments/kmkhga/usny_h_gmk_darling_basenovspace_rama_x_helix_set/,gmk darling,['base'],825,base,344.74074074074076,114.62433376791287
2020-12-24 00:53:39,132,132,/r/mechmarket/comments/kj5d3z/usca_h_ewhite_vega_navy_maja_gmk_coral_spacebars/,gmk firefly,['base'],1000,base,315.84615384615387,215.83784274073525
2020-05-17 00:00:05,180,180,/r/mechmarket/comments/gl58cb/usca_h_gmk_mizu_all_kits_w_paypal/,gmk mizu,['base'],500,base,271.875,64.77846864506752
2020-02-03 17:51:40,161,161,/r/mechmarket/comments/eyauuo/uscahgmk_oblivion_v2_bundle_cysm_monochromeby/,gmk oblivion,['base'],460,base,241.19230769230768,61.19282260577248
2020-07-02 07:16:48,345,345,/r/mechmarket/comments/hjsg0x/au_h_gmk_oblivion_v2_git_base_regular_base_2x_gmk/,gmk oblivion,['base'],470,base,225.9375,62.57173302852932
2020-07-13 01:05:16,242,242,/r/mechmarket/comments/hq5we9/usca_h_duck_eagle_v1_duck_lightsaver_v2_duck/,gmk oblivion,['base'],500,base,236.25,86.47012971733844
2020-10-02 16:58:28,537,537,/r/mechmarket/comments/j3ybp4/usdc_h_big_closet_sale_pc_e65_gmk_olivia_kits_and/,gmk olivia,['base'],575,base,302.7014925373134,67.83246181973979
2020-11-07 01:15:08,477,477,/r/mechmarket/comments/jphoc9/uscahkepler_tkl_blackblack_pvd_brass_space65_r2/,gmk olivia,['base'],2800,base,313.26666666666665,234.94271546873023
2021-04-09 16:55:28,339,339,/r/mechmarket/comments/mnll7p/usca_h_gmk_olivia_light_gmk_modern_dolch_w_paypal/,gmk olivia,['base'],500,base,323.36,53.183550088349094
2021-04-15 01:40:36,312,312,/r/mechmarket/comments/mr4xge/ustx_h_gmk_olivia_bundle_keycult_rama_w_paypal/,gmk olivia,['base'],1000,base,350.51851851851853,139.01006337959058
2020-05-08 07:01:01,276,276,/r/mechmarket/comments/gfo7fm/cabch_duck_octagon_v3_built_with_creams_gmk_sets/,gmk striker,['base'],900,base,312.6923076923077,187.8232256739408
